cliente_id,razao_social,segmento,cidade,canal,vendedor,receita_90d,recencia_dias,prob_churn,faixa_risco,motivo_1,motivo_2,motivo_3,temas,tema_principal
C00710,Cliente Fictício 00710,Padaria,Cascavel,Televendas,V03,2407.84,79,0.9997298,Alto,Última compra há 79 dias,Atraso médio de pagamento de 17 dias,Só 1 pedido(s) nos últimos 90 dias,engajamento;financeiro,financeiro
C00700,Cliente Fictício 00700,Mercearia,Palotina,Vendedor externo,V06,841.52,69,0.9994703,Alto,Última compra há 69 dias,Atraso médio de pagamento de 16 dias,Desconto -2.1 p.p. em relação ao trimestre anterior,engajamento;financeiro;preco,financeiro
C01699,Cliente Fictício 01699,Hotel,Cascavel,Televendas,V01,899.97,81,0.99921036,Alto,Última compra há 81 dias,Atraso médio de pagamento de 19 dias,Só 1 pedido(s) nos últimos 90 dias,engajamento;financeiro,financeiro
C00604,Cliente Fictício 00604,Restaurante,Marechal Cândido Rondon,E-commerce B2B,V07,3265.08,86,0.9986475,Alto,Última compra há 86 dias,Atraso médio de pagamento de 16 dias,Só 2 pedido(s) nos últimos 90 dias,engajamento;financeiro,financeiro
C01767,Cliente Fictício 01767,Hotel,Toledo,Televendas,V07,5730.09,76,0.9977977,Alto,Última compra há 76 dias,Atraso médio de pagamento de 17 dias,Só 2 pedido(s) nos últimos 90 dias,engajamento;financeiro,financeiro
C02371,Cliente Fictício 02371,Padaria,Toledo,Vendedor externo,V06,2875.39,31,0.9976674,Alto,Atraso médio de pagamento de 16 dias,Última compra há 31 dias,Desconto médio de 4.9%,financeiro;engajamento;preco,financeiro
C01847,Cliente Fictício 01847,Mercearia,Marechal Cândido Rondon,Vendedor externo,V06,1932.44,64,0.9975,Alto,Última compra há 64 dias,Atraso médio de pagamento de 14 dias,Só 2 pedido(s) nos últimos 90 dias,engajamento;financeiro,financeiro
C01618,Cliente Fictício 01618,Padaria,Medianeira,E-commerce B2B,V03,3136.04,69,0.9970804,Alto,Última compra há 69 dias,100% das entregas com atraso nos últimos 90 dias,Segmento Padaria,engajamento;entrega;perfil,entrega
C00424,Cliente Fictício 00424,Supermercado,Foz do Iguaçu,Vendedor externo,V07,20471.09,76,0.99698985,Alto,Última compra há 76 dias,Ticket médio de R$ 4.094,3 reclamação(ões) de atraso na entrega,engajamento;entrega,entrega
C02256,Cliente Fictício 02256,Padaria,Toledo,Vendedor externo,V08,6222.75,70,0.9966587,Alto,Última compra há 70 dias,Desconto médio de 7.7%,Só 5 pedido(s) nos últimos 90 dias,engajamento;preco,preco
C01277,Cliente Fictício 01277,Mercearia,Foz do Iguaçu,Vendedor externo,V04,629.53,90,0.9965791,Alto,Última compra há 90 dias,Mix de itens por pedido -57%,Só 1 pedido(s) nos últimos 90 dias,engajamento;produto,produto
C01058,Cliente Fictício 01058,Mercearia,Palotina,Televendas,V08,1044.77,85,0.99630785,Alto,Última compra há 85 dias,Atraso médio de pagamento de 17 dias,50% das entregas com atraso nos últimos 90 dias,engajamento;financeiro;entrega,financeiro
C00492,Cliente Fictício 00492,Restaurante,Medianeira,Televendas,V05,755.9,75,0.99612397,Alto,Última compra há 75 dias,Atraso médio de pagamento de 8 dias,2 chamado(s) de cobrança/financeiro,engajamento;financeiro,financeiro
C01251,Cliente Fictício 01251,Supermercado,Cascavel,Televendas,V01,16954.22,66,0.99605006,Alto,Última compra há 66 dias,Desconto médio de 7.0%,Ticket médio de R$ 3.391,engajamento;preco,preco
C01953,Cliente Fictício 01953,Restaurante,Foz do Iguaçu,Vendedor externo,V05,4420.73,74,0.99601436,Alto,Última compra há 74 dias,Desconto médio de 6.6%,3 reclamação(ões) de preço/condição comercial,engajamento;preco,preco
C01530,Cliente Fictício 01530,Mercearia,Medianeira,Vendedor externo,V06,2417.5,78,0.99517787,Alto,Última compra há 78 dias,67% das entregas com atraso nos últimos 90 dias,Mix de itens por pedido -28%,engajamento;entrega;produto,entrega
C01021,Cliente Fictício 01021,Lanchonete,Toledo,E-commerce B2B,V03,323.13,88,0.9950818,Alto,Última compra há 88 dias,Só 1 pedido(s) nos últimos 90 dias,Mix de itens por pedido -49%,engajamento;produto,produto
C02348,Cliente Fictício 02348,Lanchonete,Foz do Iguaçu,Vendedor externo,V02,1024.87,70,0.9950388,Alto,Última compra há 70 dias,100% das entregas com atraso nos últimos 90 dias,Mix de itens por pedido -39%,engajamento;entrega;produto,entrega
C01121,Cliente Fictício 01121,Restaurante,Foz do Iguaçu,Vendedor externo,V01,2423.13,72,0.99409217,Alto,Última compra há 72 dias,Atraso médio de pagamento de 8 dias,Mix de itens por pedido -33%,engajamento;financeiro;produto,financeiro
C02354,Cliente Fictício 02354,Padaria,Cascavel,Televendas,V07,3330.55,70,0.99390006,Alto,Última compra há 70 dias,Desconto médio de 7.3%,50% das entregas com atraso nos últimos 90 dias,engajamento;preco;entrega,preco
C01159,Cliente Fictício 01159,Padaria,Medianeira,Vendedor externo,V06,1898.69,63,0.9937435,Alto,Última compra há 63 dias,Desconto médio de 8.0%,Mix de itens por pedido -30%,engajamento;preco;produto,preco
C01344,Cliente Fictício 01344,Padaria,Foz do Iguaçu,Vendedor externo,V06,1356.77,67,0.99349785,Alto,Última compra há 67 dias,Só 1 pedido(s) nos últimos 90 dias,2 reclamação(ões) de atraso na entrega,engajamento;entrega,entrega
C01068,Cliente Fictício 01068,Restaurante,Toledo,Vendedor externo,V03,4175.07,81,0.992949,Alto,Última compra há 81 dias,Só 2 pedido(s) nos últimos 90 dias,50% das entregas com atraso nos últimos 90 dias,engajamento;entrega,entrega
C00120,Cliente Fictício 00120,Padaria,Medianeira,Vendedor externo,V08,3071.66,59,0.99231225,Alto,Última compra há 59 dias,67% das entregas com atraso nos últimos 90 dias,Mix de itens por pedido -28%,engajamento;entrega;produto,entrega
C00490,Cliente Fictício 00490,Padaria,Foz do Iguaçu,Televendas,V07,8681.72,74,0.99214727,Alto,Última compra há 74 dias,Desconto médio de 5.5%,Segmento Padaria,engajamento;preco;perfil,preco
C00590,Cliente Fictício 00590,Supermercado,Palotina,Televendas,V06,21430.17,64,0.9917908,Alto,Última compra há 64 dias,Ticket médio de R$ 4.286,Desconto médio de 5.0%,engajamento;preco,preco
C00926,Cliente Fictício 00926,Mercearia,Toledo,Vendedor externo,V06,1076.85,45,0.99135864,Alto,Desconto médio de 6.8%,Última compra há 45 dias,4 reclamação(ões) de preço/condição comercial,preco;engajamento,preco
C01342,Cliente Fictício 01342,Lanchonete,Foz do Iguaçu,E-commerce B2B,V08,1495.56,67,0.9912593,Alto,Última compra há 67 dias,67% das entregas com atraso nos últimos 90 dias,Atraso médio de pagamento de 10 dias,engajamento;entrega;financeiro,entrega
C01129,Cliente Fictício 01129,Restaurante,Foz do Iguaçu,Vendedor externo,V04,14725.68,62,0.99112684,Alto,Última compra há 62 dias,60% das entregas com atraso nos últimos 90 dias,Desconto médio de 5.3%,engajamento;entrega;preco,entrega
C00993,Cliente Fictício 00993,Restaurante,Medianeira,E-commerce B2B,V03,5141.0,66,0.9910793,Alto,Última compra há 66 dias,Desconto médio de 5.6%,Só 3 pedido(s) nos últimos 90 dias,engajamento;preco,preco
C01177,Cliente Fictício 01177,Padaria,Cascavel,Televendas,V05,3760.29,58,0.98916376,Alto,Última compra há 58 dias,Atraso médio de pagamento de 14 dias,Só 3 pedido(s) nos últimos 90 dias,engajamento;financeiro,financeiro
C02035,Cliente Fictício 02035,Supermercado,Toledo,Vendedor externo,V02,8674.220000000001,65,0.9882444,Alto,Última compra há 65 dias,67% das entregas com atraso nos últimos 90 dias,Só 3 pedido(s) nos últimos 90 dias,engajamento;entrega,entrega
C00504,Cliente Fictício 00504,Padaria,Marechal Cândido Rondon,Televendas,V03,7868.72,66,0.987565,Alto,Última compra há 66 dias,Desconto médio de 5.8%,Só 4 pedido(s) nos últimos 90 dias,engajamento;preco,preco
C01088,Cliente Fictício 01088,Restaurante,Toledo,Vendedor externo,V04,3813.59,63,0.9862164,Alto,Última compra há 63 dias,Desconto médio de 7.1%,Só 2 pedido(s) nos últimos 90 dias,engajamento;preco,preco
C02114,Cliente Fictício 02114,Padaria,Toledo,Vendedor externo,V06,4811.389999999999,64,0.9848654,Alto,Última compra há 64 dias,Só 4 pedido(s) nos últimos 90 dias,2 reclamação(ões) de atraso na entrega,engajamento;entrega,entrega
C00613,Cliente Fictício 00613,Hotel,Foz do Iguaçu,Vendedor externo,V05,5261.34,70,0.9842641,Alto,Última compra há 70 dias,100% das entregas com atraso nos últimos 90 dias,Mix de itens por pedido -31%,engajamento;entrega;produto,entrega
C01643,Cliente Fictício 01643,Padaria,Cascavel,Vendedor externo,V01,2270.24,77,0.98395,Alto,Última compra há 77 dias,Mix de itens por pedido -42%,Só 2 pedido(s) nos últimos 90 dias,engajamento;produto,produto
C01860,Cliente Fictício 01860,Mercearia,Marechal Cândido Rondon,Vendedor externo,V05,1431.72,79,0.97939426,Alto,Última compra há 79 dias,Mix de itens por pedido -34%,50% das entregas com atraso nos últimos 90 dias,engajamento;produto;entrega,produto
C01244,Cliente Fictício 01244,Supermercado,Toledo,Televendas,V05,12721.61,70,0.9791022,Alto,Última compra há 70 dias,50% das entregas com atraso nos últimos 90 dias,Só 6 pedido(s) nos últimos 90 dias,engajamento;entrega,entrega
C01307,Cliente Fictício 01307,Padaria,Foz do Iguaçu,Televendas,V05,5700.99,53,0.9720532,Alto,Última compra há 53 dias,75% das entregas com atraso nos últimos 90 dias,3 reclamação(ões) de atraso na entrega,engajamento;entrega,entrega
C00335,Cliente Fictício 00335,Supermercado,Foz do Iguaçu,Vendedor externo,V04,4981.4,62,0.972001,Alto,Última compra há 62 dias,Desconto médio de 6.9%,Só 3 pedido(s) nos últimos 90 dias,engajamento;preco,preco
C00322,Cliente Fictício 00322,Padaria,Foz do Iguaçu,Televendas,V04,1458.03,63,0.9711003,Alto,Última compra há 63 dias,Só 1 pedido(s) nos últimos 90 dias,2 reclamação(ões) de atraso na entrega,engajamento;entrega,entrega
C00414,Cliente Fictício 00414,Lanchonete,Foz do Iguaçu,Vendedor externo,V02,285.0,68,0.9696288,Alto,Última compra há 68 dias,100% das entregas com atraso nos últimos 90 dias,Desconto -2.0 p.p. em relação ao trimestre anterior,engajamento;entrega;preco,entrega
C00259,Cliente Fictício 00259,Supermercado,Foz do Iguaçu,Vendedor externo,V04,21333.28,46,0.9693188,Alto,Última compra há 46 dias,Mix de itens por pedido -31%,Desconto médio de 5.0%,engajamento;produto;preco,produto
C01359,Cliente Fictício 01359,Restaurante,Foz do Iguaçu,Vendedor externo,V03,4163.91,80,0.96765935,Alto,Última compra há 80 dias,Desconto médio de 5.7%,Só 3 pedido(s) nos últimos 90 dias,engajamento;preco,preco
C02295,Cliente Fictício 02295,Mercearia,Cascavel,Televendas,V02,5285.76,67,0.9665639,Alto,Última compra há 67 dias,Só 3 pedido(s) nos últimos 90 dias,Desconto médio de 4.8%,engajamento;preco,preco
C01632,Cliente Fictício 01632,Lanchonete,Foz do Iguaçu,Vendedor externo,V05,622.28,69,0.9632659,Alto,Última compra há 69 dias,Desconto médio de 5.8%,Só 2 pedido(s) nos últimos 90 dias,engajamento;preco,preco
C01116,Cliente Fictício 01116,Supermercado,Foz do Iguaçu,Televendas,V03,30454.14,32,0.9632191,Alto,Atraso médio de pagamento de 11 dias,Última compra há 32 dias,Ticket médio de R$ 3.807,financeiro;engajamento,financeiro
C01810,Cliente Fictício 01810,Supermercado,Foz do Iguaçu,Televendas,V08,66406.01,36,0.9625321,Alto,Desconto médio de 6.8%,Última compra há 36 dias,53% das entregas com atraso nos últimos 90 dias,preco;engajamento;entrega,preco
C02018,Cliente Fictício 02018,Supermercado,Cascavel,Vendedor externo,V08,10262.48,62,0.96168125,Alto,Última compra há 62 dias,Carteira do vendedor V08,Só 4 pedido(s) nos últimos 90 dias,engajamento;relacionamento,relacionamento
C01772,Cliente Fictício 01772,Restaurante,Toledo,Televendas,V04,10465.48,70,0.9615517,Alto,Última compra há 70 dias,Mix de itens por pedido -26%,Só 5 pedido(s) nos últimos 90 dias,engajamento;produto,produto
C00812,Cliente Fictício 00812,Supermercado,Palotina,Vendedor externo,V02,43480.21,63,0.96033525,Alto,Última compra há 63 dias,Ticket médio de R$ 4.348,Mix de itens por pedido -16%,engajamento;produto,produto
C01938,Cliente Fictício 01938,Padaria,Cascavel,Televendas,V05,2637.55,62,0.9582171,Alto,Última compra há 62 dias,67% das entregas com atraso nos últimos 90 dias,Segmento Padaria,engajamento;entrega;perfil,entrega
C01006,Cliente Fictício 01006,Mercearia,Foz do Iguaçu,Vendedor externo,V03,3552.5,67,0.95151925,Alto,Última compra há 67 dias,Desconto médio de 6.0%,Só 4 pedido(s) nos últimos 90 dias,engajamento;preco,preco
C02173,Cliente Fictício 02173,Padaria,Cascavel,Televendas,V04,1077.45,73,0.9509588,Alto,Última compra há 73 dias,Segmento Padaria,Desconto médio de 4.9%,engajamento;perfil;preco,preco
C01235,Cliente Fictício 01235,Mercearia,Cascavel,Vendedor externo,V07,9130.27,64,0.948711,Alto,Última compra há 64 dias,Desconto médio de 5.0%,Só 5 pedido(s) nos últimos 90 dias,engajamento;preco,preco
C01774,Cliente Fictício 01774,Lanchonete,Medianeira,E-commerce B2B,V08,2573.7,62,0.9369585,Alto,Última compra há 62 dias,Mix de itens por pedido -45%,Só 3 pedido(s) nos últimos 90 dias,engajamento;produto,produto
C01957,Cliente Fictício 01957,Padaria,Cascavel,Vendedor externo,V01,3078.08,31,0.92856437,Alto,Atraso médio de pagamento de 10 dias,Última compra há 31 dias,Segmento Padaria,financeiro;engajamento;perfil,financeiro
C00987,Cliente Fictício 00987,Mercearia,Foz do Iguaçu,Vendedor externo,V03,3888.21,60,0.9264149,Alto,Última compra há 60 dias,Só 4 pedido(s) nos últimos 90 dias,Faturamento -72% em relação ao trimestre anterior,engajamento,engajamento
C01716,Cliente Fictício 01716,Restaurante,Cascavel,Televendas,V01,28320.76,62,0.92250884,Alto,Última compra há 62 dias,Desconto médio de 5.0%,Ticket médio de R$ 3.147,engajamento;preco,preco
C00507,Cliente Fictício 00507,Mercearia,Foz do Iguaçu,Vendedor externo,V05,4369.679999999999,52,0.9180625,Alto,Última compra há 52 dias,3 reclamação(ões) de atraso na entrega,Só 5 pedido(s) nos últimos 90 dias,engajamento;entrega,entrega
C00899,Cliente Fictício 00899,Mercearia,Foz do Iguaçu,Vendedor externo,V04,827.6400000000001,32,0.91747594,Alto,Atraso médio de pagamento de 11 dias,Última compra há 32 dias,Só 2 pedido(s) nos últimos 90 dias,financeiro;engajamento,financeiro
C01520,Cliente Fictício 01520,Mercearia,Marechal Cândido Rondon,Vendedor externo,V05,1276.64,71,0.91517264,Alto,Última compra há 71 dias,33% das entregas com atraso nos últimos 90 dias,Atraso médio de pagamento de 6 dias,engajamento;entrega;financeiro,entrega
C01339,Cliente Fictício 01339,Lanchonete,Marechal Cândido Rondon,Vendedor externo,V02,1092.3000000000002,46,0.9072692,Alto,Última compra há 46 dias,100% das entregas com atraso nos últimos 90 dias,Desconto médio de 6.1%,engajamento;entrega;preco,entrega
C01850,Cliente Fictício 01850,Restaurante,Medianeira,E-commerce B2B,V03,823.76,64,0.9005606,Alto,Última compra há 64 dias,Desconto médio de 6.4%,Só 2 pedido(s) nos últimos 90 dias,engajamento;preco,preco
C00983,Cliente Fictício 00983,Restaurante,Medianeira,Televendas,V07,1228.72,62,0.89075595,Alto,Última compra há 62 dias,Só 1 pedido(s) nos últimos 90 dias,Faturamento -94% em relação ao trimestre anterior,engajamento,engajamento
C01334,Cliente Fictício 01334,Hotel,Toledo,Vendedor externo,V06,10599.85,37,0.8899487,Alto,Atraso médio de pagamento de 12 dias,Última compra há 37 dias,Só 4 pedido(s) nos últimos 90 dias,financeiro;engajamento,financeiro
C01580,Cliente Fictício 01580,Lanchonete,Toledo,E-commerce B2B,V02,500.83000000000004,39,0.88925403,Alto,Desconto médio de 7.7%,Última compra há 39 dias,Só 2 pedido(s) nos últimos 90 dias,preco;engajamento,preco
C01557,Cliente Fictício 01557,Hotel,Cascavel,E-commerce B2B,V07,11298.68,34,0.8867004,Alto,Desconto médio de 5.9%,Última compra há 34 dias,Ticket médio de R$ 5.649,preco;engajamento,preco
C00158,Cliente Fictício 00158,Restaurante,Foz do Iguaçu,Televendas,V01,2346.16,66,0.8846863,Alto,Última compra há 66 dias,Só 2 pedido(s) nos últimos 90 dias,Faturamento -88% em relação ao trimestre anterior,engajamento,engajamento
C01744,Cliente Fictício 01744,Hotel,Toledo,Vendedor externo,V05,2973.88,63,0.8764782,Alto,Última compra há 63 dias,50% das entregas com atraso nos últimos 90 dias,Só 2 pedido(s) nos últimos 90 dias,engajamento;entrega,entrega
C01222,Cliente Fictício 01222,Mercearia,Toledo,Vendedor externo,V03,3137.88,65,0.8722737,Alto,Última compra há 65 dias,Mix de itens por pedido -36%,Só 2 pedido(s) nos últimos 90 dias,engajamento;produto,produto
C02236,Cliente Fictício 02236,Lanchonete,Marechal Cândido Rondon,Televendas,V06,1755.98,34,0.8651894,Alto,Desconto médio de 6.1%,Última compra há 34 dias,Só 3 pedido(s) nos últimos 90 dias,preco;engajamento,preco
C00253,Cliente Fictício 00253,Padaria,Medianeira,Vendedor externo,V02,2260.25,31,0.86132485,Alto,Atraso médio de pagamento de 11 dias,Última compra há 31 dias,Desconto médio de 4.8%,financeiro;engajamento;preco,financeiro
C01727,Cliente Fictício 01727,Mercearia,Foz do Iguaçu,Vendedor externo,V04,3719.4700000000003,44,0.8452712,Alto,Última compra há 44 dias,50% das entregas com atraso nos últimos 90 dias,2 reclamação(ões) de atraso na entrega,engajamento;entrega,entrega
C01099,Cliente Fictício 01099,Lanchonete,Palotina,Televendas,V04,5425.6,67,0.82990384,Alto,Última compra há 67 dias,Mix de itens por pedido -20%,Só 7 pedido(s) nos últimos 90 dias,engajamento;produto,produto
C00775,Cliente Fictício 00775,Supermercado,Foz do Iguaçu,Vendedor externo,V03,26650.34,62,0.8264618,Alto,Última compra há 62 dias,2 reclamação(ões) de atraso na entrega,Ticket médio de R$ 2.665,engajamento;entrega,entrega
C00891,Cliente Fictício 00891,Mercearia,Cascavel,E-commerce B2B,V02,1106.74,64,0.8255531,Alto,Última compra há 64 dias,50% das entregas com atraso nos últimos 90 dias,Só 2 pedido(s) nos últimos 90 dias,engajamento;entrega,entrega
C01133,Cliente Fictício 01133,Supermercado,Foz do Iguaçu,Televendas,V01,21615.13,33,0.8225243,Alto,Última compra há 33 dias,57% das entregas com atraso nos últimos 90 dias,2 reclamação(ões) de atraso na entrega,engajamento;entrega,entrega
C00390,Cliente Fictício 00390,Lanchonete,Cascavel,E-commerce B2B,V02,1594.37,67,0.8076985,Alto,Última compra há 67 dias,Só 3 pedido(s) nos últimos 90 dias,33% das entregas com atraso nos últimos 90 dias,engajamento;entrega,entrega
C01226,Cliente Fictício 01226,Lanchonete,Marechal Cândido Rondon,Vendedor externo,V08,863.02,55,0.80005676,Alto,Última compra há 55 dias,Mix de itens por pedido -40%,Só 2 pedido(s) nos últimos 90 dias,engajamento;produto,produto
C00996,Cliente Fictício 00996,Padaria,Marechal Cândido Rondon,Vendedor externo,V04,5446.360000000001,32,0.79352766,Alto,Desconto médio de 6.2%,Última compra há 32 dias,Segmento Padaria,preco;engajamento;perfil,preco
C02019,Cliente Fictício 02019,Padaria,Marechal Cândido Rondon,Vendedor externo,V05,1320.0900000000001,50,0.78313583,Alto,Desconto médio de 7.4%,Última compra há 50 dias,Só 3 pedido(s) nos últimos 90 dias,preco;engajamento,preco
C00819,Cliente Fictício 00819,Padaria,Cascavel,Vendedor externo,V02,3869.58,56,0.77281564,Alto,Última compra há 56 dias,Só 3 pedido(s) nos últimos 90 dias,Segmento Padaria,engajamento;perfil,engajamento
C00122,Cliente Fictício 00122,Restaurante,Palotina,Vendedor externo,V08,5841.37,31,0.7630795,Alto,Desconto médio de 5.6%,Última compra há 31 dias,2 reclamação(ões) de preço/condição comercial,preco;engajamento,preco
C01724,Cliente Fictício 01724,Padaria,Cascavel,Vendedor externo,V08,6732.08,33,0.72608125,Alto,Desconto médio de 6.4%,Última compra há 33 dias,Segmento Padaria,preco;engajamento;perfil,preco
C02085,Cliente Fictício 02085,Restaurante,Foz do Iguaçu,Televendas,V03,18784.62,42,0.68004745,Alto,Última compra há 42 dias,Ticket médio de R$ 3.757,Só 5 pedido(s) nos últimos 90 dias,engajamento,engajamento
C00478,Cliente Fictício 00478,Padaria,Foz do Iguaçu,Vendedor externo,V01,9254.46,33,0.6649186,Alto,Desconto médio de 5.6%,Última compra há 33 dias,Mix de itens por pedido -26%,preco;engajamento;produto,preco
C01890,Cliente Fictício 01890,Padaria,Foz do Iguaçu,Televendas,V07,14790.369999999999,44,0.6291337,Alto,Última compra há 44 dias,45% das entregas com atraso nos últimos 90 dias,Segmento Padaria,engajamento;entrega;perfil,entrega
C00433,Cliente Fictício 00433,Restaurante,Foz do Iguaçu,Televendas,V01,8583.67,35,0.5978408,Alto,Última compra há 35 dias,Mix de itens por pedido -32%,2 reclamação(ões) de atraso na entrega,engajamento;produto;entrega,produto
C01501,Cliente Fictício 01501,Restaurante,Foz do Iguaçu,E-commerce B2B,V05,3236.4700000000003,38,0.5533666,Alto,Última compra há 38 dias,50% das entregas com atraso nos últimos 90 dias,Desconto médio de 5.4%,engajamento;entrega;preco,entrega
C01131,Cliente Fictício 01131,Hotel,Cascavel,Vendedor externo,V03,4130.22,62,0.49398893,Alto,Última compra há 62 dias,Intervalo médio de 53 dias entre compras,Mix de itens por pedido -38%,engajamento;produto,produto
C00759,Cliente Fictício 00759,Supermercado,Foz do Iguaçu,Vendedor externo,V05,132254.78,34,0.49321717,Alto,Ticket médio de R$ 6.298,Última compra há 34 dias,Mix de itens por pedido -21%,engajamento;produto,produto
C01589,Cliente Fictício 01589,Mercearia,Cascavel,E-commerce B2B,V04,6640.71,46,0.4931143,Alto,Última compra há 46 dias,Só 6 pedido(s) nos últimos 90 dias,Segmento Mercearia,engajamento;perfil,engajamento
C00357,Cliente Fictício 00357,Restaurante,Foz do Iguaçu,Televendas,V02,5702.55,40,0.48246336,Alto,Última compra há 40 dias,40% das entregas com atraso nos últimos 90 dias,Só 5 pedido(s) nos últimos 90 dias,engajamento;entrega,entrega
C00425,Cliente Fictício 00425,Padaria,Cascavel,E-commerce B2B,V06,31046.16,28,0.4821027,Alto,Última compra há 28 dias,Segmento Padaria,Mix de itens por pedido -15%,engajamento;perfil;produto,produto
C02126,Cliente Fictício 02126,Mercearia,Foz do Iguaçu,E-commerce B2B,V07,3399.46,37,0.48042393,Alto,Última compra há 37 dias,Só 4 pedido(s) nos últimos 90 dias,Mix de itens por pedido -16%,engajamento;produto,produto
C00685,Cliente Fictício 00685,Restaurante,Cascavel,Vendedor externo,V06,13256.119999999999,36,0.4626071,Alto,Última compra há 36 dias,Só 6 pedido(s) nos últimos 90 dias,Faturamento -53% em relação ao trimestre anterior,engajamento,engajamento
C00410,Cliente Fictício 00410,Hotel,Foz do Iguaçu,Televendas,V04,8605.35,49,0.44522655,Alto,Última compra há 49 dias,Só 5 pedido(s) nos últimos 90 dias,1 reclamação(ões) de atraso na entrega,engajamento;entrega,entrega
C00265,Cliente Fictício 00265,Hotel,Cascavel,Vendedor externo,V08,10876.84,39,0.44478887,Alto,Última compra há 39 dias,Mix de itens por pedido -34%,Carteira do vendedor V08,engajamento;produto;relacionamento,produto
C00947,Cliente Fictício 00947,Restaurante,Foz do Iguaçu,Vendedor externo,V06,3623.12,3,0.4354093,Alto,4 reclamação(ões) de atraso na entrega,62% das entregas com atraso nos últimos 90 dias,Mix de itens por pedido -18%,entrega;produto,entrega
C01337,Cliente Fictício 01337,Mercearia,Foz do Iguaçu,Vendedor externo,V08,3820.04,32,0.43530583,Alto,Última compra há 32 dias,Só 5 pedido(s) nos últimos 90 dias,40% das entregas com atraso nos últimos 90 dias,engajamento;entrega,entrega
C00496,Cliente Fictício 00496,Padaria,Toledo,Vendedor externo,V06,12941.92,26,0.41069573,Alto,2 reclamação(ões) de atraso na entrega,Última compra há 26 dias,Desconto médio de 4.5%,entrega;engajamento;preco,entrega
C01799,Cliente Fictício 01799,Padaria,Toledo,Televendas,V08,34379.01,18,0.39516374,Alto,Segmento Padaria,2 reclamação(ões) de atraso na entrega,Compras irregulares (variação de 180% no intervalo),perfil;entrega;engajamento,entrega
C01828,Cliente Fictício 01828,Padaria,Marechal Cândido Rondon,E-commerce B2B,V03,3642.16,26,0.37979808,Alto,57% das entregas com atraso nos últimos 90 dias,Última compra há 26 dias,Segmento Padaria,entrega;engajamento;perfil,entrega
C01987,Cliente Fictício 01987,Mercearia,Marechal Cândido Rondon,Televendas,V01,4648.63,38,0.37212944,Alto,Última compra há 38 dias,33% das entregas com atraso nos últimos 90 dias,Mix de itens por pedido -22%,engajamento;entrega;produto,entrega
C00165,Cliente Fictício 00165,Padaria,Toledo,Televendas,V05,46925.81,33,0.3679921,Alto,Última compra há 33 dias,Desconto médio de 4.7%,Ticket médio de R$ 3.610,engajamento;preco,preco
C00673,Cliente Fictício 00673,Hotel,Foz do Iguaçu,Vendedor externo,V03,10192.11,36,0.34625345,Alto,Última compra há 36 dias,2 reclamação(ões) de atraso na entrega,Mix de itens por pedido -21%,engajamento;entrega;produto,entrega
C01413,Cliente Fictício 01413,Lanchonete,Medianeira,Vendedor externo,V06,1257.04,48,0.34346226,Alto,Última compra há 48 dias,Mix de itens por pedido -32%,Só 3 pedido(s) nos últimos 90 dias,engajamento;produto,produto
C01609,Cliente Fictício 01609,Mercearia,Palotina,Vendedor externo,V07,11626.25,24,0.33838868,Alto,Última compra há 24 dias,Desconto médio de 4.7%,50% das entregas com atraso nos últimos 90 dias,engajamento;preco;entrega,preco
C02439,Cliente Fictício 02439,Padaria,Foz do Iguaçu,Vendedor externo,V08,4427.36,15,0.33621374,Alto,50% das entregas com atraso nos últimos 90 dias,Mix de itens por pedido -23%,Só 6 pedido(s) nos últimos 90 dias,entrega;produto;engajamento,entrega
C01730,Cliente Fictício 01730,Mercearia,Cascavel,Televendas,V05,11089.71,7,0.32053876,Alto,50% das entregas com atraso nos últimos 90 dias,Desconto médio de 4.7%,2 reclamação(ões) de atraso na entrega,entrega;preco,entrega
C00637,Cliente Fictício 00637,Restaurante,Medianeira,Vendedor externo,V03,22470.96,20,0.3050759,Alto,Última compra há 20 dias,Cidade Medianeira,Atraso médio de pagamento de 4 dias,engajamento;entrega;financeiro,entrega
C01564,Cliente Fictício 01564,Lanchonete,Foz do Iguaçu,E-commerce B2B,V05,1365.94,6,0.30176106,Alto,67% das entregas com atraso nos últimos 90 dias,Mix de itens por pedido -24%,Só 3 pedido(s) nos últimos 90 dias,entrega;produto;engajamento,entrega
C01759,Cliente Fictício 01759,Lanchonete,Palotina,Vendedor externo,V04,7384.72,16,0.2807904,Alto,2 reclamação(ões) de atraso na entrega,Desconto médio de 5.2%,Mix de itens por pedido -20%,entrega;preco;produto,entrega
C02488,Cliente Fictício 02488,Lanchonete,Cascavel,Vendedor externo,V06,2376.16,38,0.2691953,Alto,Última compra há 38 dias,33% das entregas com atraso nos últimos 90 dias,Só 6 pedido(s) nos últimos 90 dias,engajamento;entrega,entrega
C01875,Cliente Fictício 01875,Lanchonete,Foz do Iguaçu,Vendedor externo,V04,4431.0599999999995,47,0.26707086,Alto,Última compra há 47 dias,38% das entregas com atraso nos últimos 90 dias,Cliente há 7 meses,engajamento;entrega;relacionamento,entrega
C00151,Cliente Fictício 00151,Lanchonete,Palotina,Televendas,V08,13453.77,4,0.25353956,Alto,4 reclamação(ões) de atraso na entrega,60% das entregas com atraso nos últimos 90 dias,Carteira do vendedor V08,entrega;relacionamento,entrega
C01188,Cliente Fictício 01188,Hotel,Palotina,Vendedor externo,V08,21493.899999999998,7,0.25171238,Alto,2 reclamação(ões) de atraso na entrega,Desconto -1.1 p.p. em relação ao trimestre anterior,50% das entregas com atraso nos últimos 90 dias,entrega;preco,entrega
C00688,Cliente Fictício 00688,Hotel,Medianeira,Vendedor externo,V05,9457.220000000001,33,0.24848291,Alto,Última compra há 33 dias,2 reclamação(ões) de atraso na entrega,Só 5 pedido(s) nos últimos 90 dias,engajamento;entrega,entrega
C01796,Cliente Fictício 01796,Mercearia,Toledo,Televendas,V07,5017.780000000001,14,0.24703869,Alto,2 reclamação(ões) de atraso na entrega,38% das entregas com atraso nos últimos 90 dias,Desconto médio de 4.7%,entrega;preco,entrega
C00997,Cliente Fictício 00997,Restaurante,Foz do Iguaçu,Televendas,V02,10899.59,4,0.24010074,Alto,2 reclamação(ões) de atraso na entrega,57% das entregas com atraso nos últimos 90 dias,Mix de itens por pedido -30%,entrega;produto,entrega
C01067,Cliente Fictício 01067,Mercearia,Medianeira,Vendedor externo,V07,2216.1099999999997,4,0.23810649,Alto,2 reclamação(ões) de atraso na entrega,2 reclamação(ões) de preço/condição comercial,Só 3 pedido(s) nos últimos 90 dias,entrega;preco;engajamento,entrega
C01650,Cliente Fictício 01650,Lanchonete,Toledo,Vendedor externo,V07,2165.62,22,0.23739621,Alto,Última compra há 22 dias,Mix de itens por pedido -23%,1 reclamação(ões) de atraso na entrega,engajamento;produto;entrega,produto
C02043,Cliente Fictício 02043,Restaurante,Palotina,Vendedor externo,V02,9648.18,12,0.23630078,Alto,3 reclamação(ões) de atraso na entrega,40% das entregas com atraso nos últimos 90 dias,Desconto médio de 4.3%,entrega;preco,entrega
C00436,Cliente Fictício 00436,Mercearia,Toledo,Vendedor externo,V07,1028.62,3,0.23155013,Alto,Atraso médio de entrega de 2.5 dia(s),50% das entregas com atraso nos últimos 90 dias,Mix de itens por pedido -36%,entrega;produto,entrega
C01208,Cliente Fictício 01208,Padaria,Foz do Iguaçu,Vendedor externo,V06,26612.53,4,0.22182554,Alto,4 reclamação(ões) de atraso na entrega,Segmento Padaria,33% das entregas com atraso nos últimos 90 dias,entrega;perfil,entrega
C00955,Cliente Fictício 00955,Hotel,Palotina,Vendedor externo,V05,13401.3,5,0.2153175,Alto,4 reclamação(ões) de atraso na entrega,Atraso médio de entrega de 2.3 dia(s),Pedidos +350% em relação ao trimestre anterior,entrega;engajamento,entrega
C00935,Cliente Fictício 00935,Restaurante,Cascavel,Vendedor externo,V05,32388.7,33,0.20713729,Alto,Última compra há 33 dias,Ticket médio de R$ 3.239,Faturamento -45% em relação ao trimestre anterior,engajamento,engajamento
C01265,Cliente Fictício 01265,Padaria,Cascavel,Vendedor externo,V01,2817.08,18,0.20498244,Alto,Segmento Padaria,Mix de itens por pedido -20%,1 chamado(s) de cobrança/financeiro,perfil;produto;financeiro,produto
C00705,Cliente Fictício 00705,Mercearia,Palotina,Vendedor externo,V02,1505.0900000000001,25,0.19592181,Alto,Última compra há 25 dias,Só 4 pedido(s) nos últimos 90 dias,Desconto médio de 4.4%,engajamento;preco,preco
C01920,Cliente Fictício 01920,Hotel,Toledo,Televendas,V05,44364.35,32,0.19462857,Alto,Última compra há 32 dias,Ticket médio de R$ 4.436,Atraso médio de pagamento de 5 dias,engajamento;financeiro,financeiro
C01894,Cliente Fictício 01894,Supermercado,Foz do Iguaçu,Vendedor externo,V04,141857.33000000002,4,0.18898611,Alto,Ticket médio de R$ 6.448,4 reclamação(ões) de atraso na entrega,41% das entregas com atraso nos últimos 90 dias,engajamento;entrega,entrega
C01275,Cliente Fictício 01275,Supermercado,Marechal Cândido Rondon,Vendedor externo,V01,19285.3,4,0.18835077,Alto,Mix de itens por pedido -33%,2 reclamação(ões) de atraso na entrega,Média de 5.5 itens por pedido,produto;entrega,produto
C00651,Cliente Fictício 00651,Mercearia,Cascavel,E-commerce B2B,V05,10032.0,33,0.18161803,Alto,Última compra há 33 dias,Desconto médio de 4.5%,Só 8 pedido(s) nos últimos 90 dias,engajamento;preco,preco
C00957,Cliente Fictício 00957,Restaurante,Palotina,Vendedor externo,V04,9142.23,3,0.18055683,Alto,Desconto médio de 4.7%,Atraso médio de entrega de 2.0 dia(s),1 reclamação(ões) de preço/condição comercial,preco;entrega,preco
C01425,Cliente Fictício 01425,Mercearia,Cascavel,Vendedor externo,V07,3029.27,41,0.17306575,Médio,Última compra há 41 dias,Só 4 pedido(s) nos últimos 90 dias,Atraso médio de pagamento de 5 dias,engajamento;financeiro,financeiro
C00428,Cliente Fictício 00428,Lanchonete,Foz do Iguaçu,Televendas,V02,4332.18,8,0.17268443,Médio,Desconto médio de 4.8%,43% das entregas com atraso nos últimos 90 dias,2 reclamação(ões) de atraso na entrega,preco;entrega,preco
C01354,Cliente Fictício 01354,Mercearia,Toledo,Vendedor externo,V06,4569.84,12,0.17103733,Médio,Mix de itens por pedido -26%,1 reclamação(ões) de atraso na entrega,Só 8 pedido(s) nos últimos 90 dias,produto;entrega;engajamento,produto
C02324,Cliente Fictício 02324,Supermercado,Foz do Iguaçu,E-commerce B2B,V03,43073.11,5,0.1699931,Médio,2 reclamação(ões) de atraso na entrega,Desconto médio de 4.5%,Mix de itens por pedido -23%,entrega;preco;produto,entrega
C01327,Cliente Fictício 01327,Mercearia,Cascavel,Televendas,V03,8547.84,45,0.1692538,Médio,Última compra há 45 dias,Só 9 pedido(s) nos últimos 90 dias,Segmento Mercearia,engajamento;perfil,engajamento
C02323,Cliente Fictício 02323,Mercearia,Foz do Iguaçu,Vendedor externo,V04,14613.61,11,0.16824268,Médio,2 reclamação(ões) de atraso na entrega,60% das entregas com atraso nos últimos 90 dias,Atraso médio de entrega de 1.9 dia(s),entrega,entrega
C01819,Cliente Fictício 01819,Padaria,Medianeira,Vendedor externo,V06,28785.95,2,0.16573665,Médio,4 reclamação(ões) de atraso na entrega,Segmento Padaria,Cidade Medianeira,entrega;perfil,entrega
C00095,Cliente Fictício 00095,Mercearia,Cascavel,E-commerce B2B,V03,3788.76,32,0.16388473,Médio,Última compra há 32 dias,Desconto médio de 4.5%,Só 8 pedido(s) nos últimos 90 dias,engajamento;preco,preco
C00510,Cliente Fictício 00510,Supermercado,Marechal Cândido Rondon,Televendas,V04,206412.19,10,0.16173925,Médio,Ticket médio de R$ 10.321,2 reclamação(ões) de atraso na entrega,28 pedidos no trimestre anterior,engajamento;entrega,entrega
C01771,Cliente Fictício 01771,Padaria,Palotina,Vendedor externo,V03,16327.73,5,0.16111718,Médio,5 reclamação(ões) de atraso na entrega,43% das entregas com atraso nos últimos 90 dias,Segmento Padaria,entrega;perfil,entrega
C01285,Cliente Fictício 01285,Hotel,Toledo,Televendas,V03,8235.72,43,0.15989318,Médio,Última compra há 43 dias,Só 5 pedido(s) nos últimos 90 dias,Cidade Toledo,engajamento;entrega,entrega
C01130,Cliente Fictício 01130,Hotel,Cascavel,Vendedor externo,V08,11472.880000000001,14,0.15909684,Médio,Desconto médio de 5.2%,1 chamado(s) de cobrança/financeiro,Carteira do vendedor V08,preco;financeiro;relacionamento,preco
C00543,Cliente Fictício 00543,Lanchonete,Marechal Cândido Rondon,Televendas,V02,3070.67,2,0.15860933,Médio,2 reclamação(ões) de atraso na entrega,1 reclamação(ões) de preço/condição comercial,40% das entregas com atraso nos últimos 90 dias,entrega;preco,entrega
C00320,Cliente Fictício 00320,Hotel,Palotina,Vendedor externo,V05,15287.2,26,0.15836535,Médio,Última compra há 26 dias,50% das entregas com atraso nos últimos 90 dias,Só 8 pedido(s) nos últimos 90 dias,engajamento;entrega,entrega
C00345,Cliente Fictício 00345,Restaurante,Cascavel,Vendedor externo,V07,7859.94,42,0.15787427,Médio,Última compra há 42 dias,Só 5 pedido(s) nos últimos 90 dias,Mix de itens por pedido -18%,engajamento;produto,produto
C02219,Cliente Fictício 02219,Hotel,Toledo,Vendedor externo,V07,11072.380000000001,24,0.15672071,Médio,2 reclamação(ões) de atraso na entrega,Só 6 pedido(s) nos últimos 90 dias,Última compra há 24 dias,entrega;engajamento,entrega
C00103,Cliente Fictício 00103,Mercearia,Toledo,Vendedor externo,V05,4647.04,24,0.15051873,Médio,Última compra há 24 dias,1 reclamação(ões) de preço/condição comercial,Carteira do vendedor V05,engajamento;preco;relacionamento,preco
C01779,Cliente Fictício 01779,Mercearia,Cascavel,Vendedor externo,V05,5734.69,27,0.14526542,Médio,Última compra há 27 dias,2 reclamação(ões) de atraso na entrega,Mix de itens por pedido -18%,engajamento;entrega;produto,entrega
C01834,Cliente Fictício 01834,Mercearia,Toledo,E-commerce B2B,V08,10126.71,23,0.1438343,Médio,Carteira do vendedor V08,Última compra há 23 dias,Atendido por E-commerce B2B,relacionamento;engajamento;canal,relacionamento
C00154,Cliente Fictício 00154,Padaria,Marechal Cândido Rondon,Vendedor externo,V08,7131.61,7,0.14200212,Médio,2 reclamação(ões) de atraso na entrega,Carteira do vendedor V08,40% das entregas com atraso nos últimos 90 dias,entrega;relacionamento,entrega
C00929,Cliente Fictício 00929,Padaria,Palotina,E-commerce B2B,V04,20475.53,6,0.14180763,Médio,3 reclamação(ões) de atraso na entrega,Segmento Padaria,31% das entregas com atraso nos últimos 90 dias,entrega;perfil,entrega
C02113,Cliente Fictício 02113,Supermercado,Foz do Iguaçu,Televendas,V03,218979.33,9,0.1390032,Médio,Ticket médio de R$ 8.110,6 reclamação(ões) de atraso na entrega,41% das entregas com atraso nos últimos 90 dias,engajamento;entrega,entrega
C00441,Cliente Fictício 00441,Lanchonete,Palotina,Vendedor externo,V04,3285.85,6,0.13814859,Médio,3 reclamação(ões) de atraso na entrega,60% das entregas com atraso nos últimos 90 dias,Só 5 pedido(s) nos últimos 90 dias,entrega;engajamento,entrega
C01098,Cliente Fictício 01098,Lanchonete,Medianeira,Vendedor externo,V05,3599.0,20,0.13743761,Médio,45% das entregas com atraso nos últimos 90 dias,2 reclamação(ões) de atraso na entrega,Última compra há 20 dias,entrega;engajamento,entrega
C01420,Cliente Fictício 01420,Hotel,Toledo,Televendas,V08,8782.97,4,0.13600826,Médio,Só 5 pedido(s) nos últimos 90 dias,Carteira do vendedor V08,Desconto -1.0 p.p. em relação ao trimestre anterior,engajamento;relacionamento;preco,relacionamento
C01670,Cliente Fictício 01670,Lanchonete,Toledo,Televendas,V02,2562.56,8,0.13071124,Médio,Só 6 pedido(s) nos últimos 90 dias,Intervalo médio de 17 dias entre compras,1 reclamação(ões) de preço/condição comercial,engajamento;preco,preco
C00324,Cliente Fictício 00324,Padaria,Palotina,Vendedor externo,V08,39034.88,1,0.12922835,Médio,3 reclamação(ões) de atraso na entrega,Atraso médio de entrega de 1.5 dia(s),Segmento Padaria,entrega;perfil,entrega
C02475,Cliente Fictício 02475,Mercearia,Foz do Iguaçu,Vendedor externo,V07,6492.95,3,0.1270922,Médio,62% das entregas com atraso nos últimos 90 dias,1 reclamação(ões) de atraso na entrega,Atraso médio de pagamento de 5 dias,entrega;financeiro,entrega
C01017,Cliente Fictício 01017,Restaurante,Foz do Iguaçu,Vendedor externo,V04,15973.94,5,0.12636128,Médio,3 reclamação(ões) de atraso na entrega,57% das entregas com atraso nos últimos 90 dias,Só 7 pedido(s) nos últimos 90 dias,entrega;engajamento,entrega
C01657,Cliente Fictício 01657,Mercearia,Medianeira,Televendas,V06,4936.45,16,0.12619866,Médio,2 reclamação(ões) de preço/condição comercial,2 reclamação(ões) de atraso na entrega,30% das entregas com atraso nos últimos 90 dias,preco;entrega,preco
C00546,Cliente Fictício 00546,Padaria,Palotina,Vendedor externo,V01,27657.36,8,0.1235698,Médio,3 reclamação(ões) de atraso na entrega,47% das entregas com atraso nos últimos 90 dias,Segmento Padaria,entrega;perfil,entrega
C01901,Cliente Fictício 01901,Padaria,Marechal Cândido Rondon,Vendedor externo,V08,6873.3,2,0.12341261,Médio,2 reclamação(ões) de atraso na entrega,Carteira do vendedor V08,Segmento Padaria,entrega;relacionamento;perfil,entrega
C00166,Cliente Fictício 00166,Mercearia,Marechal Cândido Rondon,Televendas,V02,7458.9400000000005,1,0.12319205,Médio,4 reclamação(ões) de atraso na entrega,40% das entregas com atraso nos últimos 90 dias,Segmento Mercearia,entrega;perfil,entrega
C01143,Cliente Fictício 01143,Lanchonete,Marechal Cândido Rondon,Vendedor externo,V02,6204.39,23,0.122250766,Médio,2 reclamação(ões) de atraso na entrega,Desconto médio de 4.4%,Última compra há 23 dias,entrega;preco;engajamento,entrega
C01612,Cliente Fictício 01612,Restaurante,Medianeira,Vendedor externo,V01,34895.229999999996,5,0.12068404,Médio,4 reclamação(ões) de atraso na entrega,Atraso médio de entrega de 1.4 dia(s),Desconto médio de 4.2%,entrega;preco,entrega
C01169,Cliente Fictício 01169,Lanchonete,Cascavel,Vendedor externo,V07,1339.96,23,0.11984164,Médio,Só 2 pedido(s) nos últimos 90 dias,Última compra há 23 dias,Mix de itens por pedido -15%,engajamento;produto,produto
C00215,Cliente Fictício 00215,Restaurante,Medianeira,Vendedor externo,V02,33203.53,3,0.119400755,Médio,2 reclamação(ões) de atraso na entrega,36% das entregas com atraso nos últimos 90 dias,Desconto médio de 4.8%,entrega;preco,entrega
C00668,Cliente Fictício 00668,Hotel,Cascavel,E-commerce B2B,V06,8489.17,4,0.11866712,Médio,Desconto médio de 5.2%,Mix de itens por pedido -35%,Só 7 pedido(s) nos últimos 90 dias,preco;produto;engajamento,preco
C01313,Cliente Fictício 01313,Padaria,Foz do Iguaçu,E-commerce B2B,V03,31426.5,1,0.116757475,Médio,4 reclamação(ões) de atraso na entrega,50% das entregas com atraso nos últimos 90 dias,Atraso médio de entrega de 1.9 dia(s),entrega,entrega
C00092,Cliente Fictício 00092,Restaurante,Medianeira,Televendas,V03,7529.49,3,0.116009295,Médio,3 reclamação(ões) de atraso na entrega,Só 7 pedido(s) nos últimos 90 dias,Desconto médio de 4.3%,entrega;engajamento;preco,entrega
C00329,Cliente Fictício 00329,Restaurante,Marechal Cândido Rondon,Vendedor externo,V04,20004.14,29,0.11561946,Médio,Última compra há 29 dias,Só 7 pedido(s) nos últimos 90 dias,Ticket médio de R$ 2.858,engajamento,engajamento
C00332,Cliente Fictício 00332,Mercearia,Toledo,Televendas,V04,1938.53,7,0.11247878,Médio,Desconto médio de 4.9%,Só 6 pedido(s) nos últimos 90 dias,1 reclamação(ões) de atraso na entrega,preco;engajamento;entrega,preco
C00081,Cliente Fictício 00081,Restaurante,Cascavel,Vendedor externo,V04,7959.75,25,0.11227029,Médio,2 reclamação(ões) de atraso na entrega,Última compra há 25 dias,Só 7 pedido(s) nos últimos 90 dias,entrega;engajamento,entrega
C01709,Cliente Fictício 01709,Lanchonete,Toledo,Televendas,V05,2077.5299999999997,19,0.111257866,Médio,Só 4 pedido(s) nos últimos 90 dias,Última compra há 19 dias,Intervalo médio de 15 dias entre compras,engajamento,engajamento
C01642,Cliente Fictício 01642,Supermercado,Toledo,Televendas,V01,13958.130000000001,4,0.111117095,Médio,2 reclamação(ões) de atraso na entrega,Desconto médio de 5.1%,Pedidos +200% em relação ao trimestre anterior,entrega;preco;engajamento,entrega
C01113,Cliente Fictício 01113,Padaria,Foz do Iguaçu,Vendedor externo,V01,21239.58,7,0.11076578,Médio,Desconto médio de 5.1%,2 reclamação(ões) de atraso na entrega,41% das entregas com atraso nos últimos 90 dias,preco;entrega,preco
C01600,Cliente Fictício 01600,Mercearia,Medianeira,Vendedor externo,V03,5951.18,16,0.11050837,Médio,2 reclamação(ões) de atraso na entrega,Atraso médio de entrega de 1.8 dia(s),44% das entregas com atraso nos últimos 90 dias,entrega,entrega
C01814,Cliente Fictício 01814,Mercearia,Marechal Cândido Rondon,Vendedor externo,V02,1375.32,17,0.10911893,Médio,Mix de itens por pedido -32%,Só 2 pedido(s) nos últimos 90 dias,Desconto médio de 4.5%,produto;engajamento;preco,produto
C00388,Cliente Fictício 00388,Hotel,Palotina,Vendedor externo,V02,22104.53,35,0.10907931,Médio,Última compra há 35 dias,Desconto médio de 4.5%,Mix de itens por pedido -16%,engajamento;preco;produto,preco
C02047,Cliente Fictício 02047,Padaria,Palotina,Vendedor externo,V04,13561.05,1,0.10759731,Médio,3 reclamação(ões) de atraso na entrega,Segmento Padaria,31% das entregas com atraso nos últimos 90 dias,entrega;perfil,entrega
C00884,Cliente Fictício 00884,Padaria,Toledo,E-commerce B2B,V03,14990.98,7,0.106990345,Médio,Segmento Padaria,Mix de itens por pedido -17%,1 reclamação(ões) de atraso na entrega,perfil;produto;entrega,produto
C01923,Cliente Fictício 01923,Padaria,Foz do Iguaçu,Vendedor externo,V04,60357.96,1,0.1052504,Médio,4 reclamação(ões) de atraso na entrega,35% das entregas com atraso nos últimos 90 dias,Segmento Padaria,entrega;perfil,entrega
C02249,Cliente Fictício 02249,Mercearia,Medianeira,Televendas,V06,11429.74,3,0.10490274,Médio,5 reclamação(ões) de atraso na entrega,38% das entregas com atraso nos últimos 90 dias,Média de 8.4 itens por pedido,entrega;produto,entrega
C01790,Cliente Fictício 01790,Supermercado,Foz do Iguaçu,Televendas,V01,22454.16,16,0.10481383,Médio,Mix de itens por pedido -22%,1 reclamação(ões) de atraso na entrega,30% das entregas com atraso nos últimos 90 dias,produto;entrega,produto
C00378,Cliente Fictício 00378,Padaria,Toledo,Televendas,V03,22990.87,12,0.104673445,Médio,2 reclamação(ões) de atraso na entrega,Desconto médio de 4.7%,Segmento Padaria,entrega;preco;perfil,entrega
C01614,Cliente Fictício 01614,Mercearia,Toledo,Vendedor externo,V06,8283.46,11,0.1018491,Médio,2 reclamação(ões) de atraso na entrega,Desconto -1.0 p.p. em relação ao trimestre anterior,44% das entregas com atraso nos últimos 90 dias,entrega;preco,entrega
C00031,Cliente Fictício 00031,Restaurante,Foz do Iguaçu,Vendedor externo,V07,43202.36,24,0.09937579,Médio,Desconto médio de 4.5%,Última compra há 24 dias,Ticket médio de R$ 3.927,preco;engajamento,preco
C00933,Cliente Fictício 00933,Mercearia,Palotina,Vendedor externo,V06,4766.21,1,0.09878155,Médio,Atraso médio de pagamento de 7 dias,Só 7 pedido(s) nos últimos 90 dias,Média de 8.4 itens por pedido,financeiro;engajamento;produto,financeiro
C00965,Cliente Fictício 00965,Hotel,Marechal Cândido Rondon,Televendas,V04,3152.88,52,0.09816466,Médio,Última compra há 52 dias,50% das entregas com atraso nos últimos 90 dias,Só 2 pedido(s) nos últimos 90 dias,engajamento;entrega,entrega
C00213,Cliente Fictício 00213,Mercearia,Cascavel,E-commerce B2B,V06,3772.97,32,0.09601032,Médio,Última compra há 32 dias,Desconto médio de 4.8%,Segmento Mercearia,engajamento;preco;perfil,preco
C01835,Cliente Fictício 01835,Mercearia,Medianeira,Vendedor externo,V08,16808.7,4,0.095048465,Médio,2 reclamação(ões) de atraso na entrega,Desconto médio de 4.9%,Carteira do vendedor V08,entrega;preco;relacionamento,entrega
C01024,Cliente Fictício 01024,Padaria,Toledo,E-commerce B2B,V06,12318.68,1,0.09426806,Médio,Desconto médio de 5.6%,Segmento Padaria,1 reclamação(ões) de atraso na entrega,preco;perfil;entrega,preco
C01502,Cliente Fictício 01502,Hotel,Cascavel,Vendedor externo,V04,8190.33,35,0.092833385,Médio,Última compra há 35 dias,Só 5 pedido(s) nos últimos 90 dias,Intervalo médio de 17 dias entre compras,engajamento,engajamento
C01365,Cliente Fictício 01365,Padaria,Palotina,E-commerce B2B,V08,13743.02,9,0.0924322,Médio,2 reclamação(ões) de atraso na entrega,Segmento Padaria,Carteira do vendedor V08,entrega;perfil;relacionamento,entrega
C02331,Cliente Fictício 02331,Padaria,Foz do Iguaçu,Vendedor externo,V04,29281.96,4,0.09187517,Médio,3 reclamação(ões) de atraso na entrega,46% das entregas com atraso nos últimos 90 dias,Segmento Padaria,entrega;perfil,entrega
C00746,Cliente Fictício 00746,Padaria,Toledo,Vendedor externo,V03,15711.94,4,0.09111615,Médio,Desconto médio de 5.3%,2 reclamação(ões) de atraso na entrega,Segmento Padaria,preco;entrega;perfil,preco
C02175,Cliente Fictício 02175,Mercearia,Foz do Iguaçu,Vendedor externo,V02,12603.19,6,0.089068726,Médio,64% das entregas com atraso nos últimos 90 dias,2 reclamação(ões) de atraso na entrega,Atraso médio de entrega de 1.8 dia(s),entrega,entrega
C02100,Cliente Fictício 02100,Mercearia,Toledo,Vendedor externo,V06,2044.91,41,0.08888281,Médio,Última compra há 41 dias,Só 5 pedido(s) nos últimos 90 dias,Faturamento -76% em relação ao trimestre anterior,engajamento,engajamento
C01562,Cliente Fictício 01562,Padaria,Foz do Iguaçu,Vendedor externo,V04,17772.39,6,0.08832597,Médio,4 reclamação(ões) de atraso na entrega,50% das entregas com atraso nos últimos 90 dias,Atraso médio de entrega de 1.4 dia(s),entrega,entrega
C00040,Cliente Fictício 00040,Restaurante,Toledo,Televendas,V01,12695.369999999999,15,0.088192016,Médio,2 reclamação(ões) de atraso na entrega,Média de 8.1 itens por pedido,Só 10 pedido(s) nos últimos 90 dias,entrega;produto;engajamento,entrega
C00888,Cliente Fictício 00888,Supermercado,Palotina,Vendedor externo,V05,67656.31,13,0.08802921,Médio,Desconto médio de 5.1%,Ticket médio de R$ 3.759,2 reclamação(ões) de atraso na entrega,preco;engajamento;entrega,preco
C00239,Cliente Fictício 00239,Supermercado,Foz do Iguaçu,Vendedor externo,V08,60067.62,5,0.08769087,Médio,48% das entregas com atraso nos últimos 90 dias,2 reclamação(ões) de atraso na entrega,Carteira do vendedor V08,entrega;relacionamento,entrega
C00052,Cliente Fictício 00052,Supermercado,Toledo,Vendedor externo,V02,51362.24,2,0.08610428,Médio,Desconto médio de 4.9%,2 reclamação(ões) de atraso na entrega,Atraso médio de entrega de 1.1 dia(s),preco;entrega,preco
C02214,Cliente Fictício 02214,Padaria,Medianeira,Televendas,V02,6093.05,19,0.08576753,Médio,Segmento Padaria,Desconto médio de 4.5%,Última compra há 19 dias,perfil;preco;engajamento,preco
C01064,Cliente Fictício 01064,Padaria,Cascavel,Vendedor externo,V03,6926.0,14,0.08533341,Médio,Mix de itens por pedido -34%,Segmento Padaria,33% das entregas com atraso nos últimos 90 dias,produto;perfil;entrega,produto
C00285,Cliente Fictício 00285,Padaria,Cascavel,Vendedor externo,V01,8502.73,26,0.084531635,Médio,Última compra há 26 dias,Desconto médio de 5.1%,Segmento Padaria,engajamento;preco;perfil,preco
C01391,Cliente Fictício 01391,Hotel,Cascavel,Vendedor externo,V02,5113.47,19,0.083595544,Médio,Desconto médio de 5.3%,Só 5 pedido(s) nos últimos 90 dias,1 chamado(s) de cobrança/financeiro,preco;engajamento;financeiro,preco
C00797,Cliente Fictício 00797,Supermercado,Marechal Cândido Rondon,Vendedor externo,V07,46477.91,7,0.082400836,Médio,4 reclamação(ões) de atraso na entrega,Cliente há 9 meses,Média de 7.9 itens por pedido,entrega;relacionamento;produto,entrega
C01225,Cliente Fictício 01225,Supermercado,Marechal Cândido Rondon,Vendedor externo,V08,22850.08,1,0.08232807,Médio,3 reclamação(ões) de atraso na entrega,Carteira do vendedor V08,36% das entregas com atraso nos últimos 90 dias,entrega;relacionamento,entrega
C00813,Cliente Fictício 00813,Hotel,Toledo,Televendas,V04,6034.860000000001,37,0.08130761,Médio,Última compra há 37 dias,Desconto médio de 4.9%,Só 6 pedido(s) nos últimos 90 dias,engajamento;preco,preco
C02419,Cliente Fictício 02419,Supermercado,Palotina,Vendedor externo,V02,94045.18,16,0.081109524,Médio,3 reclamação(ões) de atraso na entrega,Ticket médio de R$ 3.762,32% das entregas com atraso nos últimos 90 dias,entrega;engajamento,entrega
C00402,Cliente Fictício 00402,Lanchonete,Palotina,Vendedor externo,V02,10974.78,2,0.08023134,Médio,3 reclamação(ões) de atraso na entrega,42% das entregas com atraso nos últimos 90 dias,Segmento Lanchonete,entrega;perfil,entrega
C01213,Cliente Fictício 01213,Padaria,Palotina,Vendedor externo,V07,33386.95,2,0.07950076,Médio,4 reclamação(ões) de atraso na entrega,50% das entregas com atraso nos últimos 90 dias,Segmento Padaria,entrega;perfil,entrega
C01888,Cliente Fictício 01888,Mercearia,Cascavel,Vendedor externo,V04,10952.91,32,0.078064054,Médio,Última compra há 32 dias,Segmento Mercearia,Só 7 pedido(s) nos últimos 90 dias,engajamento;perfil,engajamento
C00445,Cliente Fictício 00445,Mercearia,Cascavel,E-commerce B2B,V03,12502.6,10,0.077771865,Médio,2 reclamação(ões) de atraso na entrega,Mix de itens por pedido -20%,Segmento Mercearia,entrega;produto;perfil,entrega
C00091,Cliente Fictício 00091,Supermercado,Marechal Cândido Rondon,Vendedor externo,V08,74915.77,17,0.076964766,Médio,Ticket médio de R$ 4.162,2 reclamação(ões) de atraso na entrega,Carteira do vendedor V08,engajamento;entrega;relacionamento,entrega
C00238,Cliente Fictício 00238,Restaurante,Toledo,Vendedor externo,V06,10253.06,2,0.0764336,Médio,1 reclamação(ões) de atraso na entrega,Só 8 pedido(s) nos últimos 90 dias,Desconto médio de 4.4%,entrega;engajamento;preco,entrega
C00026,Cliente Fictício 00026,Mercearia,Cascavel,Televendas,V01,2882.07,20,0.07623767,Médio,Desconto médio de 4.9%,Só 4 pedido(s) nos últimos 90 dias,Última compra há 20 dias,preco;engajamento,preco
C01287,Cliente Fictício 01287,Mercearia,Palotina,Vendedor externo,V06,2965.2799999999997,1,0.076128565,Médio,67% das entregas com atraso nos últimos 90 dias,Mix de itens por pedido -17%,Intervalo médio de 16 dias entre compras,entrega;produto;engajamento,entrega
C01260,Cliente Fictício 01260,Hotel,Cascavel,Vendedor externo,V04,10823.57,6,0.07524526,Médio,Atraso médio de pagamento de 8 dias,Só 5 pedido(s) nos últimos 90 dias,Mix de itens por pedido -13%,financeiro;engajamento;produto,financeiro
C02107,Cliente Fictício 02107,Restaurante,Medianeira,Televendas,V05,5946.2,10,0.075046,Médio,Mix de itens por pedido -27%,Só 6 pedido(s) nos últimos 90 dias,1 reclamação(ões) de atraso na entrega,produto;engajamento;entrega,produto
C00173,Cliente Fictício 00173,Mercearia,Toledo,Televendas,V01,10163.2,14,0.07420807,Médio,Desconto médio de 4.5%,Mix de itens por pedido -26%,Atraso médio de entrega de 1.5 dia(s),preco;produto;entrega,preco
C00758,Cliente Fictício 00758,Hotel,Cascavel,Vendedor externo,V08,8018.8099999999995,5,0.07253969,Médio,Só 5 pedido(s) nos últimos 90 dias,Mix de itens por pedido -25%,Carteira do vendedor V08,engajamento;produto;relacionamento,produto
C01238,Cliente Fictício 01238,Mercearia,Marechal Cândido Rondon,Televendas,V04,21860.75,18,0.07187873,Médio,1 reclamação(ões) de preço/condição comercial,38% das entregas com atraso nos últimos 90 dias,Última compra há 18 dias,preco;entrega;engajamento,preco
C00374,Cliente Fictício 00374,Mercearia,Cascavel,Televendas,V04,6352.4400000000005,8,0.07085197,Médio,Desconto médio de 5.3%,Só 8 pedido(s) nos últimos 90 dias,Segmento Mercearia,preco;engajamento;perfil,preco
C00722,Cliente Fictício 00722,Padaria,Marechal Cândido Rondon,Vendedor externo,V05,20777.97,6,0.070679024,Médio,Segmento Padaria,Carteira do vendedor V05,28 pedidos no trimestre anterior,perfil;relacionamento;engajamento,relacionamento
C01402,Cliente Fictício 01402,Supermercado,Marechal Cândido Rondon,Vendedor externo,V01,33305.54,3,0.069862954,Médio,Desconto médio de 5.3%,1 reclamação(ões) de atraso na entrega,Ticket médio de R$ 3.028,preco;entrega;engajamento,preco
C00598,Cliente Fictício 00598,Restaurante,Toledo,Vendedor externo,V04,21594.28,10,0.069542065,Médio,2 reclamação(ões) de atraso na entrega,33% das entregas com atraso nos últimos 90 dias,Desconto -0.6 p.p. em relação ao trimestre anterior,entrega;preco,entrega
C00452,Cliente Fictício 00452,Lanchonete,Marechal Cândido Rondon,Televendas,V04,4014.67,3,0.068983056,Médio,3 reclamação(ões) de atraso na entrega,Só 8 pedido(s) nos últimos 90 dias,Mix de itens por pedido -16%,entrega;engajamento;produto,entrega
C00720,Cliente Fictício 00720,Hotel,Cascavel,Vendedor externo,V06,5103.78,40,0.06886519,Médio,Última compra há 40 dias,Só 3 pedido(s) nos últimos 90 dias,Faturamento -74% em relação ao trimestre anterior,engajamento,engajamento
C01273,Cliente Fictício 01273,Mercearia,Foz do Iguaçu,Televendas,V03,6256.0599999999995,10,0.06881842,Médio,Só 6 pedido(s) nos últimos 90 dias,1 reclamação(ões) de atraso na entrega,Mix de itens por pedido -14%,engajamento;entrega;produto,entrega
C01684,Cliente Fictício 01684,Mercearia,Toledo,Televendas,V05,8823.88,1,0.06813176,Médio,Pedidos +200% em relação ao trimestre anterior,33% das entregas com atraso nos últimos 90 dias,Carteira do vendedor V05,engajamento;entrega;relacionamento,entrega
C02055,Cliente Fictício 02055,Mercearia,Cascavel,Vendedor externo,V02,2130.26,34,0.06795347,Médio,Última compra há 34 dias,Só 4 pedido(s) nos últimos 90 dias,Segmento Mercearia,engajamento;perfil,engajamento
C00828,Cliente Fictício 00828,Mercearia,Medianeira,Vendedor externo,V07,14017.0,3,0.06726213,Médio,4 reclamação(ões) de atraso na entrega,40% das entregas com atraso nos últimos 90 dias,Cidade Medianeira,entrega,entrega
C01798,Cliente Fictício 01798,Mercearia,Foz do Iguaçu,Vendedor externo,V08,10392.59,19,0.06673528,Médio,50% das entregas com atraso nos últimos 90 dias,Carteira do vendedor V08,Desconto -1.1 p.p. em relação ao trimestre anterior,entrega;relacionamento;preco,entrega
C00729,Cliente Fictício 00729,Padaria,Foz do Iguaçu,E-commerce B2B,V01,17274.75,1,0.06654596,Médio,4 reclamação(ões) de atraso na entrega,50% das entregas com atraso nos últimos 90 dias,Segmento Padaria,entrega;perfil,entrega
C00687,Cliente Fictício 00687,Mercearia,Marechal Cândido Rondon,Vendedor externo,V04,5788.11,10,0.065949194,Médio,Desconto médio de 5.1%,2 reclamação(ões) de atraso na entrega,Só 8 pedido(s) nos últimos 90 dias,preco;entrega;engajamento,preco
C02156,Cliente Fictício 02156,Lanchonete,Medianeira,Televendas,V03,3501.8,11,0.06589825,Médio,Desconto médio de 5.5%,Só 4 pedido(s) nos últimos 90 dias,Cidade Medianeira,preco;engajamento;entrega,preco
C00868,Cliente Fictício 00868,Restaurante,Foz do Iguaçu,Televendas,V02,6454.79,2,0.065019265,Médio,2 reclamação(ões) de atraso na entrega,50% das entregas com atraso nos últimos 90 dias,Mix de itens por pedido -13%,entrega;produto,entrega
C01065,Cliente Fictício 01065,Mercearia,Palotina,Vendedor externo,V02,6179.94,4,0.06495593,Médio,56% das entregas com atraso nos últimos 90 dias,Atraso médio de entrega de 1.7 dia(s),1 reclamação(ões) de atraso na entrega,entrega,entrega
C01491,Cliente Fictício 01491,Supermercado,Palotina,Vendedor externo,V03,63428.18,2,0.06395042,Médio,2 reclamação(ões) de atraso na entrega,Ticket médio de R$ 3.731,Desconto médio de 4.5%,entrega;engajamento;preco,entrega
C01415,Cliente Fictício 01415,Supermercado,Toledo,Vendedor externo,V06,34752.22,4,0.0636829,Médio,3 reclamação(ões) de atraso na entrega,Desconto médio de 4.6%,Ticket médio de R$ 2.673,entrega;preco;engajamento,entrega
C00450,Cliente Fictício 00450,Padaria,Medianeira,Vendedor externo,V07,6773.6,8,0.063493006,Médio,Mix de itens por pedido -24%,Segmento Padaria,Cidade Medianeira,produto;perfil;entrega,produto
C01991,Cliente Fictício 01991,Supermercado,Toledo,Vendedor externo,V06,13040.289999999999,25,0.06344477,Médio,Última compra há 25 dias,1 reclamação(ões) de atraso na entrega,Só 7 pedido(s) nos últimos 90 dias,engajamento;entrega,entrega
C01014,Cliente Fictício 01014,Hotel,Palotina,Televendas,V05,22377.66,1,0.06325851,Médio,3 reclamação(ões) de atraso na entrega,40% das entregas com atraso nos últimos 90 dias,Só 10 pedido(s) nos últimos 90 dias,entrega;engajamento,entrega
C02132,Cliente Fictício 02132,Restaurante,Toledo,Televendas,V03,20185.420000000002,28,0.06317242,Médio,2 reclamação(ões) de atraso na entrega,Última compra há 28 dias,Desconto médio de 4.2%,entrega;engajamento;preco,entrega
C00706,Cliente Fictício 00706,Padaria,Toledo,Vendedor externo,V05,19989.34,13,0.062753655,Médio,2 reclamação(ões) de atraso na entrega,Segmento Padaria,29% das entregas com atraso nos últimos 90 dias,entrega;perfil,entrega
C00988,Cliente Fictício 00988,Supermercado,Marechal Cândido Rondon,Vendedor externo,V07,34873.08,5,0.060992613,Médio,Desconto médio de 4.9%,2 reclamação(ões) de atraso na entrega,45% das entregas com atraso nos últimos 90 dias,preco;entrega,preco
C02029,Cliente Fictício 02029,Padaria,Cascavel,Televendas,V05,1912.06,11,0.06034701,Médio,Mix de itens por pedido -26%,Segmento Padaria,Só 6 pedido(s) nos últimos 90 dias,produto;perfil;engajamento,produto
C01546,Cliente Fictício 01546,Mercearia,Cascavel,Televendas,V08,10688.720000000001,6,0.060088724,Médio,Mix de itens por pedido -24%,Carteira do vendedor V08,Desconto médio de 4.5%,produto;relacionamento;preco,produto
C01666,Cliente Fictício 01666,Lanchonete,Cascavel,Televendas,V01,2791.76,6,0.059464645,Médio,1 reclamação(ões) de preço/condição comercial,Só 4 pedido(s) nos últimos 90 dias,Desconto médio de 4.4%,preco;engajamento,preco
C00208,Cliente Fictício 00208,Restaurante,Cascavel,E-commerce B2B,V05,17012.84,6,0.058717255,Médio,Mix de itens por pedido -36%,Carteira do vendedor V05,Compras irregulares (variação de 73% no intervalo),produto;relacionamento;engajamento,produto
C00230,Cliente Fictício 00230,Supermercado,Medianeira,Vendedor externo,V04,76686.46,5,0.058095288,Médio,Ticket médio de R$ 3.652,Mix de itens por pedido -19%,Cidade Medianeira,engajamento;produto;entrega,produto
C01104,Cliente Fictício 01104,Lanchonete,Cascavel,Televendas,V07,3401.63,31,0.057828784,Médio,Última compra há 31 dias,Só 5 pedido(s) nos últimos 90 dias,Cliente há 13 meses,engajamento;relacionamento,relacionamento
C01361,Cliente Fictício 01361,Restaurante,Toledo,Vendedor externo,V07,17711.91,19,0.057125077,Médio,Atraso médio de pagamento de 6 dias,Última compra há 19 dias,1 reclamação(ões) de atraso na entrega,financeiro;engajamento;entrega,financeiro
C01738,Cliente Fictício 01738,Mercearia,Medianeira,Televendas,V03,6826.2,8,0.056802876,Médio,1 reclamação(ões) de preço/condição comercial,Cidade Medianeira,1 reclamação(ões) de atraso na entrega,preco;entrega,preco
C02046,Cliente Fictício 02046,Supermercado,Cascavel,E-commerce B2B,V08,24931.95,17,0.056553558,Médio,Desconto médio de 4.9%,Carteira do vendedor V08,1 reclamação(ões) de atraso na entrega,preco;relacionamento;entrega,preco
C02407,Cliente Fictício 02407,Padaria,Medianeira,E-commerce B2B,V06,15348.98,9,0.056529414,Médio,2 reclamação(ões) de atraso na entrega,Cidade Medianeira,Segmento Padaria,entrega;perfil,entrega
C02344,Cliente Fictício 02344,Mercearia,Toledo,Vendedor externo,V03,10992.29,1,0.05626272,Médio,2 reclamação(ões) de atraso na entrega,Desconto médio de 4.6%,Mix de itens por pedido -13%,entrega;preco;produto,entrega
C01791,Cliente Fictício 01791,Restaurante,Cascavel,Vendedor externo,V01,14062.1,4,0.056031432,Médio,Atraso médio de pagamento de 6 dias,Mix de itens por pedido -18%,Média de 8.3 itens por pedido,financeiro;produto,financeiro
C00287,Cliente Fictício 00287,Supermercado,Foz do Iguaçu,Televendas,V05,47821.67,5,0.05553143,Médio,4 reclamação(ões) de atraso na entrega,Ticket médio de R$ 2.989,Carteira do vendedor V05,entrega;engajamento;relacionamento,entrega
C00249,Cliente Fictício 00249,Mercearia,Toledo,Vendedor externo,V08,13622.78,6,0.05530045,Médio,Carteira do vendedor V08,1 reclamação(ões) de preço/condição comercial,Segmento Mercearia,relacionamento;preco;perfil,relacionamento
C00124,Cliente Fictício 00124,Mercearia,Palotina,Televendas,V03,3186.29,10,0.05525957,Médio,Atraso médio de pagamento de 5 dias,40% das entregas com atraso nos últimos 90 dias,Só 5 pedido(s) nos últimos 90 dias,financeiro;entrega;engajamento,financeiro
C01839,Cliente Fictício 01839,Restaurante,Toledo,E-commerce B2B,V01,22644.76,1,0.054938454,Médio,2 reclamação(ões) de atraso na entrega,44% das entregas com atraso nos últimos 90 dias,Faturamento -67% em relação ao trimestre anterior,entrega;engajamento,entrega
C00559,Cliente Fictício 00559,Padaria,Cascavel,Televendas,V05,5580.42,14,0.053803865,Médio,Segmento Padaria,Só 7 pedido(s) nos últimos 90 dias,1 reclamação(ões) de atraso na entrega,perfil;engajamento;entrega,entrega
C01426,Cliente Fictício 01426,Mercearia,Foz do Iguaçu,Vendedor externo,V06,18444.23,11,0.05368066,Médio,65% das entregas com atraso nos últimos 90 dias,2 reclamação(ões) de atraso na entrega,Atraso médio de entrega de 1.8 dia(s),entrega,entrega
C00970,Cliente Fictício 00970,Mercearia,Palotina,Televendas,V07,2244.0,4,0.052853037,Médio,Segmento Mercearia,1 reclamação(ões) de atraso na entrega,Desconto médio de 4.1%,perfil;entrega;preco,entrega
C00782,Cliente Fictício 00782,Lanchonete,Cascavel,E-commerce B2B,V05,6364.78,4,0.051653918,Médio,2 reclamação(ões) de preço/condição comercial,Carteira do vendedor V05,Segmento Lanchonete,preco;relacionamento;perfil,preco
C00882,Cliente Fictício 00882,Padaria,Medianeira,Vendedor externo,V02,22217.27,6,0.0509699,Médio,Desconto médio de 5.0%,2 reclamação(ões) de atraso na entrega,Segmento Padaria,preco;entrega;perfil,preco
C01846,Cliente Fictício 01846,Padaria,Palotina,Vendedor externo,V06,30069.8,4,0.050445274,Médio,Desconto médio de 5.0%,Segmento Padaria,Mix de itens por pedido -12%,preco;perfil;produto,preco
C00070,Cliente Fictício 00070,Padaria,Palotina,Vendedor externo,V03,20987.85,10,0.050375905,Médio,2 reclamação(ões) de atraso na entrega,Segmento Padaria,42% das entregas com atraso nos últimos 90 dias,entrega;perfil,entrega
C02203,Cliente Fictício 02203,Lanchonete,Cascavel,Vendedor externo,V07,2080.04,16,0.050336696,Médio,Só 5 pedido(s) nos últimos 90 dias,1 reclamação(ões) de preço/condição comercial,1 reclamação(ões) de atraso na entrega,engajamento;preco;entrega,preco
C01015,Cliente Fictício 01015,Mercearia,Palotina,Vendedor externo,V02,10175.84,21,0.050259914,Médio,Última compra há 21 dias,1 reclamação(ões) de atraso na entrega,Só 8 pedido(s) nos últimos 90 dias,engajamento;entrega,entrega
C00408,Cliente Fictício 00408,Lanchonete,Cascavel,Vendedor externo,V06,3738.5,3,0.050122954,Médio,Desconto médio de 4.9%,Intervalo médio de 21 dias entre compras,Só 6 pedido(s) nos últimos 90 dias,preco;engajamento,preco
C00555,Cliente Fictício 00555,Supermercado,Foz do Iguaçu,Televendas,V04,56759.97,2,0.050083805,Médio,Ticket médio de R$ 3.784,2 reclamação(ões) de produto/falta de item,33% das entregas com atraso nos últimos 90 dias,engajamento;produto;entrega,produto
C00290,Cliente Fictício 00290,Supermercado,Toledo,Televendas,V06,21089.510000000002,3,0.049836688,Médio,Desconto médio de 5.6%,23% das entregas com atraso nos últimos 90 dias,Cidade Toledo,preco;entrega,preco
C00662,Cliente Fictício 00662,Lanchonete,Palotina,Vendedor externo,V08,7917.04,10,0.0497769,Médio,Carteira do vendedor V08,Só 7 pedido(s) nos últimos 90 dias,Desconto -1.0 p.p. em relação ao trimestre anterior,relacionamento;engajamento;preco,relacionamento
C00909,Cliente Fictício 00909,Mercearia,Toledo,Vendedor externo,V05,5458.34,11,0.049726233,Médio,Desconto médio de 4.4%,Carteira do vendedor V05,Segmento Mercearia,preco;relacionamento;perfil,preco
C01319,Cliente Fictício 01319,Restaurante,Foz do Iguaçu,Vendedor externo,V03,39292.75,16,0.0494398,Médio,Atraso médio de entrega de 1.9 dia(s),1 reclamação(ões) de preço/condição comercial,Desconto médio de 4.1%,entrega;preco,entrega
C02150,Cliente Fictício 02150,Supermercado,Toledo,Televendas,V08,114120.09,13,0.04875723,Médio,Ticket médio de R$ 6.340,35 pedidos no trimestre anterior,Carteira do vendedor V08,engajamento;relacionamento,relacionamento
C01329,Cliente Fictício 01329,Mercearia,Palotina,Vendedor externo,V08,28764.8,3,0.048543714,Médio,3 reclamação(ões) de atraso na entrega,Carteira do vendedor V08,41% das entregas com atraso nos últimos 90 dias,entrega;relacionamento,entrega
C00615,Cliente Fictício 00615,Mercearia,Toledo,Televendas,V06,6672.65,20,0.048301626,Médio,Média de 7.5 itens por pedido,Última compra há 20 dias,Só 8 pedido(s) nos últimos 90 dias,produto;engajamento,produto
C01118,Cliente Fictício 01118,Restaurante,Cascavel,Vendedor externo,V06,12532.03,20,0.048063543,Médio,2 reclamação(ões) de atraso na entrega,Só 7 pedido(s) nos últimos 90 dias,Última compra há 20 dias,entrega;engajamento,entrega
C00126,Cliente Fictício 00126,Padaria,Toledo,Vendedor externo,V01,8854.79,8,0.04778855,Médio,2 reclamação(ões) de atraso na entrega,Segmento Padaria,33% das entregas com atraso nos últimos 90 dias,entrega;perfil,entrega
C02304,Cliente Fictício 02304,Padaria,Toledo,Vendedor externo,V08,15440.34,8,0.04750985,Médio,Carteira do vendedor V08,Segmento Padaria,Desconto médio de 4.5%,relacionamento;perfil;preco,relacionamento
C00530,Cliente Fictício 00530,Mercearia,Cascavel,Televendas,V06,3994.42,23,0.047131214,Médio,1 reclamação(ões) de preço/condição comercial,Última compra há 23 dias,0 reclamação(ões) de produto/falta de item,preco;engajamento;produto,preco
C01428,Cliente Fictício 01428,Supermercado,Medianeira,Vendedor externo,V05,20898.59,3,0.046537075,Médio,2 reclamação(ões) de atraso na entrega,38% das entregas com atraso nos últimos 90 dias,Mix de itens por pedido -15%,entrega;produto,entrega
C00010,Cliente Fictício 00010,Padaria,Foz do Iguaçu,Vendedor externo,V05,34146.08,1,0.04653478,Médio,Segmento Padaria,Carteira do vendedor V05,Atraso médio de entrega de 1.3 dia(s),perfil;relacionamento;entrega,relacionamento
C02365,Cliente Fictício 02365,Restaurante,Foz do Iguaçu,Vendedor externo,V05,41868.6,1,0.04652653,Médio,Desconto médio de 4.9%,Carteira do vendedor V05,40% das entregas com atraso nos últimos 90 dias,preco;relacionamento;entrega,preco
C00041,Cliente Fictício 00041,Padaria,Toledo,Vendedor externo,V08,11676.79,15,0.04643708,Médio,Carteira do vendedor V08,Segmento Padaria,1 reclamação(ões) de preço/condição comercial,relacionamento;perfil;preco,relacionamento
C00952,Cliente Fictício 00952,Mercearia,Toledo,Vendedor externo,V08,11332.98,3,0.0464284,Médio,2 reclamação(ões) de atraso na entrega,Carteira do vendedor V08,38% das entregas com atraso nos últimos 90 dias,entrega;relacionamento,entrega
C00979,Cliente Fictício 00979,Padaria,Palotina,Vendedor externo,V04,18642.36,10,0.046188995,Médio,2 reclamação(ões) de atraso na entrega,Segmento Padaria,27% das entregas com atraso nos últimos 90 dias,entrega;perfil,entrega
C01124,Cliente Fictício 01124,Supermercado,Medianeira,Vendedor externo,V02,45683.21,6,0.04617261,Médio,4 reclamação(ões) de atraso na entrega,42% das entregas com atraso nos últimos 90 dias,Cidade Medianeira,entrega,entrega
C01896,Cliente Fictício 01896,Supermercado,Toledo,Vendedor externo,V06,22735.19,17,0.046044666,Médio,1 reclamação(ões) de atraso na entrega,Só 8 pedido(s) nos últimos 90 dias,Ticket médio de R$ 2.842,entrega;engajamento,entrega
C00178,Cliente Fictício 00178,Hotel,Marechal Cândido Rondon,Vendedor externo,V05,23638.14,10,0.04568933,Médio,2 reclamação(ões) de atraso na entrega,Carteira do vendedor V05,Só 10 pedido(s) nos últimos 90 dias,entrega;relacionamento;engajamento,entrega
C01878,Cliente Fictício 01878,Mercearia,Cascavel,Vendedor externo,V08,15436.79,2,0.04527809,Médio,Desconto médio de 5.1%,Carteira do vendedor V08,Mix de itens por pedido -12%,preco;relacionamento;produto,preco
C00790,Cliente Fictício 00790,Padaria,Toledo,Vendedor externo,V04,15583.13,5,0.045206826,Médio,Segmento Padaria,1 reclamação(ões) de atraso na entrega,1 chamado(s) de cobrança/financeiro,perfil;entrega;financeiro,entrega
C00462,Cliente Fictício 00462,Supermercado,Palotina,Vendedor externo,V06,49857.15,7,0.04463656,Médio,3 reclamação(ões) de atraso na entrega,50% das entregas com atraso nos últimos 90 dias,Ticket médio de R$ 2.770,entrega;engajamento,entrega
C02471,Cliente Fictício 02471,Padaria,Foz do Iguaçu,Vendedor externo,V01,8446.83,4,0.04404215,Médio,3 reclamação(ões) de atraso na entrega,42% das entregas com atraso nos últimos 90 dias,Segmento Padaria,entrega;perfil,entrega
C00021,Cliente Fictício 00021,Restaurante,Cascavel,E-commerce B2B,V02,37539.88,5,0.043939017,Médio,2 reclamação(ões) de atraso na entrega,Mix de itens por pedido -16%,Desconto médio de 4.2%,entrega;produto;preco,entrega
C00192,Cliente Fictício 00192,Mercearia,Toledo,Televendas,V08,8170.02,5,0.04241874,Médio,Carteira do vendedor V08,1 reclamação(ões) de preço/condição comercial,Segmento Mercearia,relacionamento;preco;perfil,relacionamento
C00497,Cliente Fictício 00497,Padaria,Foz do Iguaçu,E-commerce B2B,V01,21657.78,17,0.042183474,Médio,2 reclamação(ões) de atraso na entrega,Segmento Padaria,39% das entregas com atraso nos últimos 90 dias,entrega;perfil,entrega
C01237,Cliente Fictício 01237,Mercearia,Cascavel,Vendedor externo,V02,8999.83,19,0.041997496,Médio,Mix de itens por pedido -15%,Segmento Mercearia,Última compra há 19 dias,produto;perfil;engajamento,produto
C02015,Cliente Fictício 02015,Mercearia,Cascavel,Vendedor externo,V05,11703.45,10,0.041330025,Médio,Segmento Mercearia,Carteira do vendedor V05,Mix de itens por pedido -13%,perfil;relacionamento;produto,relacionamento
C01630,Cliente Fictício 01630,Mercearia,Medianeira,Televendas,V02,11757.130000000001,27,0.040517356,Médio,Última compra há 27 dias,Cidade Medianeira,1 reclamação(ões) de atraso na entrega,engajamento;entrega,entrega
C01812,Cliente Fictício 01812,Padaria,Marechal Cândido Rondon,Vendedor externo,V07,9348.289999999999,5,0.039497614,Médio,2 reclamação(ões) de atraso na entrega,Desconto médio de 4.7%,Segmento Padaria,entrega;preco;perfil,entrega
C00697,Cliente Fictício 00697,Restaurante,Toledo,Vendedor externo,V04,15412.97,18,0.039388694,Médio,1 reclamação(ões) de atraso na entrega,Última compra há 18 dias,Só 9 pedido(s) nos últimos 90 dias,entrega;engajamento,entrega
C00135,Cliente Fictício 00135,Padaria,Toledo,E-commerce B2B,V06,12086.13,9,0.03932329,Médio,Desconto médio de 4.8%,Segmento Padaria,1 reclamação(ões) de preço/condição comercial,preco;perfil,preco
C00914,Cliente Fictício 00914,Hotel,Cascavel,Vendedor externo,V03,3556.61,5,0.03930634,Médio,Desconto médio de 5.2%,Intervalo médio de 33 dias entre compras,Só 3 pedido(s) nos últimos 90 dias,preco;engajamento,preco
C00266,Cliente Fictício 00266,Supermercado,Palotina,Vendedor externo,V08,71256.81,4,0.039032944,Médio,2 reclamação(ões) de atraso na entrega,Ticket médio de R$ 4.750,Carteira do vendedor V08,entrega;engajamento;relacionamento,entrega
C00484,Cliente Fictício 00484,Mercearia,Foz do Iguaçu,Vendedor externo,V04,26873.95,1,0.038944878,Médio,4 reclamação(ões) de atraso na entrega,45% das entregas com atraso nos últimos 90 dias,Desconto -1.0 p.p. em relação ao trimestre anterior,entrega;preco,entrega
C02205,Cliente Fictício 02205,Mercearia,Cascavel,Televendas,V02,2795.17,12,0.03880101,Médio,Mix de itens por pedido -30%,Compras irregulares (variação de 53% no intervalo),Segmento Mercearia,produto;engajamento;perfil,produto
C02050,Cliente Fictício 02050,Mercearia,Cascavel,Vendedor externo,V02,27343.23,2,0.03879341,Médio,Desconto médio de 4.7%,Segmento Mercearia,Mix de itens por pedido -13%,preco;perfil;produto,preco
C01933,Cliente Fictício 01933,Restaurante,Medianeira,Televendas,V01,16581.37,7,0.038503915,Médio,Cidade Medianeira,1 reclamação(ões) de atraso na entrega,Mix de itens por pedido -16%,entrega;produto,entrega
C02493,Cliente Fictício 02493,Supermercado,Foz do Iguaçu,Televendas,V06,57035.19,3,0.038481485,Médio,39% das entregas com atraso nos últimos 90 dias,2 reclamação(ões) de atraso na entrega,Desconto médio de 4.9%,entrega;preco,entrega
C01294,Cliente Fictício 01294,Mercearia,Cascavel,E-commerce B2B,V03,6688.74,14,0.03843947,Médio,Atraso médio de pagamento de 7 dias,Média de 8.2 itens por pedido,Atendido por E-commerce B2B,financeiro;produto;canal,financeiro
C01907,Cliente Fictício 01907,Padaria,Palotina,Televendas,V03,31166.39,3,0.038405806,Médio,3 reclamação(ões) de atraso na entrega,Segmento Padaria,39% das entregas com atraso nos últimos 90 dias,entrega;perfil,entrega
C01954,Cliente Fictício 01954,Hotel,Foz do Iguaçu,Televendas,V07,38852.99,15,0.038119424,Médio,58% das entregas com atraso nos últimos 90 dias,Atraso médio de entrega de 2.1 dia(s),Mix de itens por pedido -15%,entrega;produto,entrega
C00985,Cliente Fictício 00985,Supermercado,Foz do Iguaçu,Televendas,V03,16018.43,2,0.03767837,Médio,50% das entregas com atraso nos últimos 90 dias,Cliente há 15 meses,1 reclamação(ões) de atraso na entrega,entrega;relacionamento,entrega
C01112,Cliente Fictício 01112,Mercearia,Cascavel,Vendedor externo,V05,1489.72,10,0.03759471,Médio,Pedidos +250% em relação ao trimestre anterior,Carteira do vendedor V05,Segmento Mercearia,engajamento;relacionamento;perfil,relacionamento
C00536,Cliente Fictício 00536,Mercearia,Foz do Iguaçu,Televendas,V04,4524.93,27,0.037455145,Médio,Última compra há 27 dias,Desconto -1.2 p.p. em relação ao trimestre anterior,30% das entregas com atraso nos últimos 90 dias,engajamento;preco;entrega,preco
C01046,Cliente Fictício 01046,Mercearia,Toledo,Vendedor externo,V08,8401.68,2,0.037073903,Médio,Carteira do vendedor V08,Só 7 pedido(s) nos últimos 90 dias,1 reclamação(ões) de atraso na entrega,relacionamento;engajamento;entrega,relacionamento
C00726,Cliente Fictício 00726,Supermercado,Marechal Cândido Rondon,E-commerce B2B,V02,48324.43,22,0.0369001,Médio,2 reclamação(ões) de atraso na entrega,Última compra há 22 dias,Atendido por E-commerce B2B,entrega;engajamento;canal,entrega
C01826,Cliente Fictício 01826,Supermercado,Toledo,Televendas,V06,39396.3,4,0.036590558,Médio,25 pedidos no trimestre anterior,27% das entregas com atraso nos últimos 90 dias,1 reclamação(ões) de atraso na entrega,engajamento;entrega,entrega
C00268,Cliente Fictício 00268,Supermercado,Foz do Iguaçu,E-commerce B2B,V05,32216.68,2,0.03654451,Médio,2 reclamação(ões) de atraso na entrega,Carteira do vendedor V05,Atendido por E-commerce B2B,entrega;relacionamento;canal,entrega
C01343,Cliente Fictício 01343,Padaria,Foz do Iguaçu,E-commerce B2B,V06,6119.33,5,0.0362884,Médio,30% das entregas com atraso nos últimos 90 dias,Segmento Padaria,Atendido por E-commerce B2B,entrega;perfil;canal,entrega
C00132,Cliente Fictício 00132,Hotel,Toledo,Vendedor externo,V08,12097.17,12,0.03625372,Médio,Só 4 pedido(s) nos últimos 90 dias,Carteira do vendedor V08,Intervalo médio de 18 dias entre compras,engajamento;relacionamento,relacionamento
C02291,Cliente Fictício 02291,Hotel,Toledo,Vendedor externo,V08,10417.76,10,0.03620616,Médio,Atraso médio de entrega de 2.1 dia(s),Pedidos +200% em relação ao trimestre anterior,Carteira do vendedor V08,entrega;engajamento;relacionamento,entrega
C02144,Cliente Fictício 02144,Lanchonete,Cascavel,Vendedor externo,V08,8133.03,8,0.03573809,Médio,Mix de itens por pedido -29%,Carteira do vendedor V08,Desconto médio de 4.4%,produto;relacionamento;preco,produto
C02037,Cliente Fictício 02037,Hotel,Foz do Iguaçu,Vendedor externo,V08,22256.03,5,0.035128698,Médio,2 reclamação(ões) de atraso na entrega,Carteira do vendedor V08,Só 10 pedido(s) nos últimos 90 dias,entrega;relacionamento;engajamento,entrega
C02016,Cliente Fictício 02016,Padaria,Cascavel,E-commerce B2B,V02,5534.73,3,0.035020538,Médio,Desconto médio de 4.8%,Mix de itens por pedido -19%,Segmento Padaria,preco;produto;perfil,preco
C00593,Cliente Fictício 00593,Mercearia,Medianeira,Televendas,V01,13103.42,8,0.034929294,Médio,42% das entregas com atraso nos últimos 90 dias,Desconto médio de 4.3%,Cidade Medianeira,entrega;preco,entrega
C00291,Cliente Fictício 00291,Lanchonete,Medianeira,Vendedor externo,V01,12628.76,1,0.034750544,Médio,3 reclamação(ões) de atraso na entrega,43% das entregas com atraso nos últimos 90 dias,Cidade Medianeira,entrega,entrega
C02161,Cliente Fictício 02161,Padaria,Foz do Iguaçu,Televendas,V04,6255.86,19,0.034580313,Médio,2 reclamação(ões) de atraso na entrega,Segmento Padaria,Última compra há 19 dias,entrega;perfil;engajamento,entrega
C01631,Cliente Fictício 01631,Padaria,Marechal Cândido Rondon,Televendas,V05,13133.03,3,0.034376793,Médio,1 reclamação(ões) de preço/condição comercial,Segmento Padaria,Carteira do vendedor V05,preco;perfil;relacionamento,preco
C00361,Cliente Fictício 00361,Hotel,Toledo,Televendas,V04,71417.34,3,0.03415533,Médio,Ticket médio de R$ 5.494,1 reclamação(ões) de atraso na entrega,Carteira do vendedor V04,engajamento;entrega;relacionamento,entrega
C00088,Cliente Fictício 00088,Padaria,Cascavel,Vendedor externo,V08,13543.990000000002,9,0.03394037,Médio,Carteira do vendedor V08,Segmento Padaria,Desconto médio de 4.4%,relacionamento;perfil;preco,relacionamento
C01504,Cliente Fictício 01504,Mercearia,Cascavel,E-commerce B2B,V02,27004.89,3,0.033916894,Médio,Segmento Mercearia,Mix de itens por pedido -18%,Atendido por E-commerce B2B,perfil;produto;canal,produto
C00716,Cliente Fictício 00716,Mercearia,Marechal Cândido Rondon,Vendedor externo,V02,3388.7,36,0.033753783,Médio,Última compra há 36 dias,1 reclamação(ões) de preço/condição comercial,Segmento Mercearia,engajamento;preco;perfil,preco
C01965,Cliente Fictício 01965,Restaurante,Cascavel,Vendedor externo,V05,11564.36,17,0.03338808,Médio,1 reclamação(ões) de preço/condição comercial,Só 7 pedido(s) nos últimos 90 dias,Carteira do vendedor V05,preco;engajamento;relacionamento,preco
C00473,Cliente Fictício 00473,Supermercado,Cascavel,E-commerce B2B,V05,75658.36,2,0.03331601,Médio,Ticket médio de R$ 4.729,2 reclamação(ões) de atraso na entrega,Atendido por E-commerce B2B,engajamento;entrega;canal,entrega
C00630,Cliente Fictício 00630,Lanchonete,Palotina,Vendedor externo,V05,9325.27,12,0.03317864,Médio,Segmento Lanchonete,1 reclamação(ões) de atraso na entrega,Só 7 pedido(s) nos últimos 90 dias,perfil;entrega;engajamento,entrega
C00877,Cliente Fictício 00877,Mercearia,Cascavel,Televendas,V01,50357.96,35,0.03313605,Médio,Última compra há 35 dias,Ticket médio de R$ 3.357,1 reclamação(ões) de atraso na entrega,engajamento;entrega,entrega
C00596,Cliente Fictício 00596,Mercearia,Cascavel,Televendas,V08,4540.29,9,0.03275994,Médio,Carteira do vendedor V08,Segmento Mercearia,Mix de itens por pedido -16%,relacionamento;perfil;produto,relacionamento
C00623,Cliente Fictício 00623,Hotel,Cascavel,Televendas,V07,6665.25,13,0.032596156,Médio,Desconto médio de 4.7%,Intervalo médio de 18 dias entre compras,Só 5 pedido(s) nos últimos 90 dias,preco;engajamento,preco
C01898,Cliente Fictício 01898,Mercearia,Marechal Cândido Rondon,Vendedor externo,V01,7156.99,13,0.032430504,Médio,Mix de itens por pedido -26%,Desconto médio de 4.7%,1 reclamação(ões) de atraso na entrega,produto;preco;entrega,produto
C00518,Cliente Fictício 00518,Restaurante,Cascavel,Vendedor externo,V03,13833.41,15,0.032419156,Médio,Mix de itens por pedido -27%,Só 6 pedido(s) nos últimos 90 dias,1 reclamação(ões) de preço/condição comercial,produto;engajamento;preco,produto
C01742,Cliente Fictício 01742,Mercearia,Medianeira,Vendedor externo,V04,2636.94,16,0.031982314,Médio,50% das entregas com atraso nos últimos 90 dias,Cidade Medianeira,Mix de itens por pedido -18%,entrega;produto,entrega
C00431,Cliente Fictício 00431,Hotel,Foz do Iguaçu,Vendedor externo,V07,10043.23,21,0.031905804,Médio,Mix de itens por pedido -25%,43% das entregas com atraso nos últimos 90 dias,Última compra há 21 dias,produto;entrega;engajamento,produto
C02133,Cliente Fictício 02133,Hotel,Cascavel,Vendedor externo,V06,6648.7,27,0.031835977,Médio,Última compra há 27 dias,Só 6 pedido(s) nos últimos 90 dias,Intervalo médio de 13 dias entre compras,engajamento,engajamento
C01375,Cliente Fictício 01375,Hotel,Palotina,Vendedor externo,V06,8862.86,4,0.03131198,Médio,43% das entregas com atraso nos últimos 90 dias,Atraso médio de entrega de 1.6 dia(s),1 reclamação(ões) de atraso na entrega,entrega,entrega
C02183,Cliente Fictício 02183,Lanchonete,Marechal Cândido Rondon,Televendas,V05,4269.24,1,0.031282295,Médio,2 reclamação(ões) de atraso na entrega,Mix de itens por pedido -15%,43% das entregas com atraso nos últimos 90 dias,entrega;produto,entrega
C01211,Cliente Fictício 01211,Restaurante,Medianeira,Vendedor externo,V04,8272.44,25,0.03118544,Médio,Última compra há 25 dias,Cidade Medianeira,Cliente há 13 meses,engajamento;entrega;relacionamento,entrega
C02223,Cliente Fictício 02223,Mercearia,Cascavel,Vendedor externo,V02,13788.34,9,0.031117354,Médio,Mix de itens por pedido -19%,Média de 8.7 itens por pedido,1 chamado(s) de cobrança/financeiro,produto;financeiro,produto
C00280,Cliente Fictício 00280,Lanchonete,Cascavel,Televendas,V03,3033.2000000000003,11,0.031106804,Médio,Só 7 pedido(s) nos últimos 90 dias,Segmento Lanchonete,1 reclamação(ões) de atraso na entrega,engajamento;perfil;entrega,entrega
C01485,Cliente Fictício 01485,Restaurante,Cascavel,E-commerce B2B,V02,13180.34,3,0.030960605,Médio,Mix de itens por pedido -22%,Compras irregulares (variação de 65% no intervalo),Cliente há 16 meses,produto;engajamento;relacionamento,produto
C01083,Cliente Fictício 01083,Hotel,Toledo,Televendas,V01,10475.45,9,0.03094427,Médio,Só 6 pedido(s) nos últimos 90 dias,Mix de itens por pedido -25%,Compras irregulares (variação de 53% no intervalo),engajamento;produto,produto
C01555,Cliente Fictício 01555,Mercearia,Medianeira,Vendedor externo,V07,8573.36,24,0.030923666,Médio,Última compra há 24 dias,1 reclamação(ões) de preço/condição comercial,Desconto médio de 4.3%,engajamento;preco,preco
C00978,Cliente Fictício 00978,Mercearia,Medianeira,Vendedor externo,V06,25624.17,19,0.030577041,Médio,3 reclamação(ões) de atraso na entrega,Segmento Mercearia,Última compra há 19 dias,entrega;perfil;engajamento,entrega
C01705,Cliente Fictício 01705,Padaria,Marechal Cândido Rondon,Vendedor externo,V06,4773.360000000001,8,0.03053587,Médio,Desconto médio de 5.0%,Segmento Padaria,Só 5 pedido(s) nos últimos 90 dias,preco;perfil;engajamento,preco
C00731,Cliente Fictício 00731,Mercearia,Toledo,Vendedor externo,V06,6061.25,5,0.03030287,Médio,1 reclamação(ões) de atraso na entrega,Média de 8.6 itens por pedido,Só 8 pedido(s) nos últimos 90 dias,entrega;produto;engajamento,entrega
C01115,Cliente Fictício 01115,Hotel,Foz do Iguaçu,Vendedor externo,V04,8230.849999999999,28,0.030157,Médio,Última compra há 28 dias,Só 5 pedido(s) nos últimos 90 dias,Compras irregulares (variação de 73% no intervalo),engajamento,engajamento
C01913,Cliente Fictício 01913,Lanchonete,Marechal Cândido Rondon,Televendas,V03,3869.87,10,0.03003333,Médio,Desconto médio de 4.8%,Só 6 pedido(s) nos últimos 90 dias,Segmento Lanchonete,preco;engajamento;perfil,preco
C00074,Cliente Fictício 00074,Mercearia,Medianeira,Vendedor externo,V05,25635.61,2,0.029598206,Médio,2 reclamação(ões) de atraso na entrega,27% das entregas com atraso nos últimos 90 dias,Carteira do vendedor V05,entrega;relacionamento,entrega
C01345,Cliente Fictício 01345,Hotel,Palotina,Vendedor externo,V02,99174.79,2,0.029506447,Médio,Ticket médio de R$ 5.220,Carteira do vendedor V02,Cliente há 12 meses,engajamento;relacionamento,relacionamento
C01210,Cliente Fictício 01210,Mercearia,Marechal Cândido Rondon,Televendas,V06,7789.99,1,0.029428968,Médio,2 reclamação(ões) de atraso na entrega,Só 10 pedido(s) nos últimos 90 dias,Média de 9.0 itens por pedido,entrega;engajamento;produto,entrega
C01453,Cliente Fictício 01453,Lanchonete,Palotina,Vendedor externo,V07,4736.78,11,0.029327972,Médio,2 reclamação(ões) de atraso na entrega,57% das entregas com atraso nos últimos 90 dias,Atraso médio de entrega de 1.7 dia(s),entrega,entrega
C00370,Cliente Fictício 00370,Lanchonete,Cascavel,Vendedor externo,V01,12547.99,6,0.028842509,Médio,Desconto médio de 5.1%,1 reclamação(ões) de preço/condição comercial,Segmento Lanchonete,preco;perfil,preco
C02089,Cliente Fictício 02089,Restaurante,Foz do Iguaçu,Vendedor externo,V07,24833.78,3,0.028688071,Médio,2 reclamação(ões) de atraso na entrega,46% das entregas com atraso nos últimos 90 dias,Cliente há 17 meses,entrega;relacionamento,entrega
C01352,Cliente Fictício 01352,Lanchonete,Cascavel,E-commerce B2B,V08,5147.45,2,0.028626237,Médio,Carteira do vendedor V08,1 reclamação(ões) de preço/condição comercial,Segmento Lanchonete,relacionamento;preco;perfil,relacionamento
C01293,Cliente Fictício 01293,Padaria,Cascavel,E-commerce B2B,V08,10101.04,3,0.02845969,Médio,Mix de itens por pedido -23%,Carteira do vendedor V08,Segmento Padaria,produto;relacionamento;perfil,produto
C02303,Cliente Fictício 02303,Padaria,Cascavel,E-commerce B2B,V05,40834.28,5,0.028454917,Médio,Segmento Padaria,26 pedidos no trimestre anterior,2 reclamação(ões) de atraso na entrega,perfil;engajamento;entrega,entrega
C01305,Cliente Fictício 01305,Lanchonete,Cascavel,Televendas,V06,4948.76,24,0.028276762,Médio,Última compra há 24 dias,Só 8 pedido(s) nos últimos 90 dias,Pedidos +100% em relação ao trimestre anterior,engajamento,engajamento
C00515,Cliente Fictício 00515,Mercearia,Cascavel,Vendedor externo,V05,7314.5199999999995,3,0.027677435,Médio,Segmento Mercearia,Carteira do vendedor V05,Desconto médio de 4.3%,perfil;relacionamento;preco,relacionamento
C00774,Cliente Fictício 00774,Lanchonete,Foz do Iguaçu,Vendedor externo,V03,13442.880000000001,1,0.027561974,Médio,2 reclamação(ões) de atraso na entrega,Mix de itens por pedido -15%,Segmento Lanchonete,entrega;produto;perfil,entrega
C01432,Cliente Fictício 01432,Padaria,Foz do Iguaçu,Vendedor externo,V01,19778.19,1,0.027360376,Médio,2 reclamação(ões) de atraso na entrega,40% das entregas com atraso nos últimos 90 dias,Segmento Padaria,entrega;perfil,entrega
C01747,Cliente Fictício 01747,Restaurante,Medianeira,Televendas,V08,26196.86,17,0.02730854,Médio,33% das entregas com atraso nos últimos 90 dias,Carteira do vendedor V08,1 reclamação(ões) de preço/condição comercial,entrega;relacionamento;preco,entrega
C00232,Cliente Fictício 00232,Mercearia,Cascavel,E-commerce B2B,V07,11571.11,5,0.02717344,Médio,Mix de itens por pedido -23%,Segmento Mercearia,Média de 8.0 itens por pedido,produto;perfil,produto
C00614,Cliente Fictício 00614,Hotel,Foz do Iguaçu,Televendas,V07,17131.059999999998,14,0.027083177,Médio,Desconto médio de 4.7%,Só 8 pedido(s) nos últimos 90 dias,Compras irregulares (variação de 59% no intervalo),preco;engajamento,preco
C01355,Cliente Fictício 01355,Lanchonete,Foz do Iguaçu,Vendedor externo,V02,5459.52,10,0.02703179,Médio,67% das entregas com atraso nos últimos 90 dias,1 reclamação(ões) de atraso na entrega,Faturamento -60% em relação ao trimestre anterior,entrega;engajamento,entrega
C01309,Cliente Fictício 01309,Supermercado,Palotina,Vendedor externo,V02,27725.01,4,0.02694929,Médio,3 reclamação(ões) de atraso na entrega,Cliente há 23 meses,Mix de itens por pedido -7%,entrega;relacionamento;produto,entrega
C02220,Cliente Fictício 02220,Mercearia,Cascavel,Vendedor externo,V02,15096.02,2,0.02687254,Médio,Desconto médio de 5.5%,Segmento Mercearia,Média de 12.2 itens por pedido,preco;perfil;produto,preco
C00139,Cliente Fictício 00139,Restaurante,Medianeira,Vendedor externo,V04,5825.58,16,0.026514346,Médio,60% das entregas com atraso nos últimos 90 dias,Cidade Medianeira,1 reclamação(ões) de atraso na entrega,entrega,entrega
C01328,Cliente Fictício 01328,Padaria,Cascavel,Televendas,V02,30513.899999999998,4,0.026502337,Médio,Segmento Padaria,Desconto médio de 4.3%,Compras irregulares (variação de 168% no intervalo),perfil;preco;engajamento,preco
C02033,Cliente Fictício 02033,Mercearia,Foz do Iguaçu,Vendedor externo,V05,10371.74,6,0.026327165,Médio,Mix de itens por pedido -15%,Carteira do vendedor V05,Segmento Mercearia,produto;relacionamento;perfil,produto
C00094,Cliente Fictício 00094,Mercearia,Cascavel,Vendedor externo,V05,9293.78,3,0.026236422,Médio,2 reclamação(ões) de atraso na entrega,Segmento Mercearia,Média de 9.0 itens por pedido,entrega;perfil;produto,entrega
C00237,Cliente Fictício 00237,Padaria,Cascavel,Vendedor externo,V02,5651.11,6,0.0261111,Médio,Segmento Padaria,1 reclamação(ões) de preço/condição comercial,1 reclamação(ões) de atraso na entrega,perfil;preco;entrega,preco
C02482,Cliente Fictício 02482,Mercearia,Cascavel,E-commerce B2B,V01,5250.38,6,0.026021315,Médio,Mix de itens por pedido -26%,Atendido por E-commerce B2B,Só 6 pedido(s) nos últimos 90 dias,produto;canal;engajamento,produto
C00317,Cliente Fictício 00317,Mercearia,Cascavel,Vendedor externo,V02,4733.79,9,0.025698869,Médio,Só 5 pedido(s) nos últimos 90 dias,Mix de itens por pedido -18%,Segmento Mercearia,engajamento;produto;perfil,produto
C02369,Cliente Fictício 02369,Mercearia,Toledo,E-commerce B2B,V04,29456.84,7,0.025657449,Médio,2 reclamação(ões) de atraso na entrega,Atendido por E-commerce B2B,22 pedidos no trimestre anterior,entrega;canal;engajamento,entrega
C01593,Cliente Fictício 01593,Hotel,Medianeira,Vendedor externo,V07,29777.0,12,0.024980174,Médio,Desconto médio de 4.4%,30% das entregas com atraso nos últimos 90 dias,Ticket médio de R$ 2.978,preco;entrega;engajamento,preco
C01353,Cliente Fictício 01353,Mercearia,Cascavel,Televendas,V06,25241.17,2,0.024978025,Médio,Compras irregulares (variação de 198% no intervalo),Desconto médio de 4.9%,Atraso médio de pagamento de 5 dias,engajamento;preco;financeiro,preco
C00948,Cliente Fictício 00948,Lanchonete,Marechal Cândido Rondon,Televendas,V01,7159.21,2,0.024810214,Médio,2 reclamação(ões) de atraso na entrega,Segmento Lanchonete,Atendido por Televendas,entrega;perfil;canal,entrega
C02125,Cliente Fictício 02125,Mercearia,Cascavel,Vendedor externo,V08,2315.69,1,0.02449138,Médio,Carteira do vendedor V08,Segmento Mercearia,Só 6 pedido(s) nos últimos 90 dias,relacionamento;perfil;engajamento,relacionamento
C02474,Cliente Fictício 02474,Padaria,Medianeira,Vendedor externo,V05,12754.54,4,0.02446548,Médio,Desconto médio de 4.9%,Segmento Padaria,Cidade Medianeira,preco;perfil;entrega,preco
C00467,Cliente Fictício 00467,Restaurante,Cascavel,Televendas,V05,49778.46,1,0.024173066,Médio,Ticket médio de R$ 4.148,Mix de itens por pedido -14%,1 reclamação(ões) de atraso na entrega,engajamento;produto;entrega,produto
C00626,Cliente Fictício 00626,Mercearia,Cascavel,Televendas,V06,1256.29,22,0.023947364,Médio,Só 2 pedido(s) nos últimos 90 dias,Última compra há 22 dias,Intervalo médio de 22 dias entre compras,engajamento,engajamento
C01032,Cliente Fictício 01032,Restaurante,Cascavel,Vendedor externo,V02,24005.16,7,0.023935907,Médio,Carteira do vendedor V02,1 reclamação(ões) de atraso na entrega,Cliente há 13 meses,relacionamento;entrega,relacionamento
C01448,Cliente Fictício 01448,Padaria,Cascavel,Vendedor externo,V08,85711.44,2,0.023277694,Médio,2 reclamação(ões) de preço/condição comercial,Carteira do vendedor V08,Segmento Padaria,preco;relacionamento;perfil,preco
C02091,Cliente Fictício 02091,Mercearia,Cascavel,Vendedor externo,V05,26170.08,4,0.023229446,Médio,Carteira do vendedor V05,Segmento Mercearia,1 reclamação(ões) de atraso na entrega,relacionamento;perfil;entrega,relacionamento
C01640,Cliente Fictício 01640,Restaurante,Marechal Cândido Rondon,Vendedor externo,V04,44465.979999999996,12,0.02321304,Médio,2 reclamação(ões) de atraso na entrega,Ticket médio de R$ 2.616,Faturamento -27% em relação ao trimestre anterior,entrega;engajamento,entrega
C02151,Cliente Fictício 02151,Restaurante,Medianeira,Televendas,V02,11621.69,14,0.023119895,Médio,2 reclamação(ões) de atraso na entrega,43% das entregas com atraso nos últimos 90 dias,Cidade Medianeira,entrega,entrega
C01945,Cliente Fictício 01945,Lanchonete,Cascavel,Vendedor externo,V07,3007.2,11,0.023081401,Médio,Mix de itens por pedido -52%,Intervalo médio de 22 dias entre compras,Só 5 pedido(s) nos últimos 90 dias,produto;engajamento,produto
C02340,Cliente Fictício 02340,Supermercado,Cascavel,E-commerce B2B,V08,18393.53,13,0.022942113,Médio,Carteira do vendedor V08,Mix de itens por pedido -17%,Atendido por E-commerce B2B,relacionamento;produto;canal,relacionamento
C01258,Cliente Fictício 01258,Lanchonete,Cascavel,Vendedor externo,V05,6644.64,13,0.022928998,Médio,Mix de itens por pedido -17%,Carteira do vendedor V05,Desconto médio de 4.3%,produto;relacionamento;preco,produto
C01303,Cliente Fictício 01303,Restaurante,Cascavel,Vendedor externo,V02,6295.32,5,0.022817858,Médio,Só 5 pedido(s) nos últimos 90 dias,Mix de itens por pedido -16%,Faturamento -74% em relação ao trimestre anterior,engajamento;produto,produto
C02293,Cliente Fictício 02293,Padaria,Cascavel,Televendas,V06,17777.829999999998,15,0.022734309,Médio,Segmento Padaria,1 reclamação(ões) de atraso na entrega,Desconto -0.5 p.p. em relação ao trimestre anterior,perfil;entrega;preco,entrega
C02181,Cliente Fictício 02181,Restaurante,Palotina,Vendedor externo,V01,18256.42,10,0.022631368,Médio,1 reclamação(ões) de atraso na entrega,Faturamento -42% em relação ao trimestre anterior,Só 10 pedido(s) nos últimos 90 dias,entrega;engajamento,entrega
C02364,Cliente Fictício 02364,Lanchonete,Marechal Cândido Rondon,Televendas,V05,2400.4700000000003,34,0.022348737,Médio,Última compra há 34 dias,Segmento Lanchonete,Só 6 pedido(s) nos últimos 90 dias,engajamento;perfil,engajamento
C01047,Cliente Fictício 01047,Mercearia,Toledo,Vendedor externo,V01,17890.78,8,0.022275725,Médio,3 reclamação(ões) de atraso na entrega,Mix de itens por pedido -17%,,entrega;produto,entrega
C01142,Cliente Fictício 01142,Restaurante,Cascavel,Vendedor externo,V04,37961.630000000005,7,0.022223955,Médio,2 reclamação(ões) de produto/falta de item,Mix de itens por pedido -15%,Ticket médio de R$ 2.920,produto;engajamento,produto
C01930,Cliente Fictício 01930,Padaria,Cascavel,E-commerce B2B,V06,23888.17,6,0.022185924,Médio,26 pedidos no trimestre anterior,Segmento Padaria,Atendido por E-commerce B2B,engajamento;perfil;canal,canal
C00382,Cliente Fictício 00382,Hotel,Cascavel,Televendas,V01,29321.43,11,0.022153735,Médio,Ticket médio de R$ 3.665,1 reclamação(ões) de preço/condição comercial,Só 8 pedido(s) nos últimos 90 dias,engajamento;preco,preco
C01217,Cliente Fictício 01217,Mercearia,Marechal Cândido Rondon,Vendedor externo,V02,38071.32,9,0.022076147,Médio,3 reclamação(ões) de atraso na entrega,Atraso médio de entrega de 1.5 dia(s),Desconto médio de 4.5%,entrega;preco,entrega
C00889,Cliente Fictício 00889,Supermercado,Toledo,Televendas,V05,24843.02,1,0.02200059,Médio,31% das entregas com atraso nos últimos 90 dias,1 reclamação(ões) de preço/condição comercial,1 reclamação(ões) de atraso na entrega,entrega;preco,entrega
C02012,Cliente Fictício 02012,Mercearia,Toledo,E-commerce B2B,V03,5480.34,16,0.021889627,Médio,Só 6 pedido(s) nos últimos 90 dias,1 reclamação(ões) de atraso na entrega,Atendido por E-commerce B2B,engajamento;entrega;canal,entrega
C02094,Cliente Fictício 02094,Mercearia,Cascavel,Televendas,V06,4255.3,14,0.021572325,Médio,Só 6 pedido(s) nos últimos 90 dias,Segmento Mercearia,Faturamento -65% em relação ao trimestre anterior,engajamento;perfil,engajamento
C01857,Cliente Fictício 01857,Mercearia,Palotina,Vendedor externo,V05,11346.84,1,0.021522572,Médio,2 reclamação(ões) de atraso na entrega,Desconto -1.2 p.p. em relação ao trimestre anterior,33% das entregas com atraso nos últimos 90 dias,entrega;preco,entrega
C00174,Cliente Fictício 00174,Hotel,Toledo,Vendedor externo,V02,14862.23,3,0.021307858,Médio,Mix de itens por pedido -30%,1 reclamação(ões) de atraso na entrega,Só 8 pedido(s) nos últimos 90 dias,produto;entrega;engajamento,produto
C01541,Cliente Fictício 01541,Lanchonete,Toledo,E-commerce B2B,V07,3989.96,2,0.021144291,Médio,Desconto médio de 4.5%,Só 7 pedido(s) nos últimos 90 dias,Cliente há 7 meses,preco;engajamento;relacionamento,preco
C01950,Cliente Fictício 01950,Hotel,Cascavel,E-commerce B2B,V03,4495.28,23,0.02111284,Médio,Mix de itens por pedido -37%,Última compra há 23 dias,Só 4 pedido(s) nos últimos 90 dias,produto;engajamento,produto
C00520,Cliente Fictício 00520,Lanchonete,Cascavel,Televendas,V05,15207.23,2,0.020821389,Médio,1 reclamação(ões) de preço/condição comercial,Carteira do vendedor V05,Segmento Lanchonete,preco;relacionamento;perfil,preco
C00827,Cliente Fictício 00827,Padaria,Toledo,Televendas,V04,11203.24,11,0.020794798,Médio,Segmento Padaria,1 reclamação(ões) de atraso na entrega,Atendido por Televendas,perfil;entrega;canal,entrega
C02397,Cliente Fictício 02397,Mercearia,Cascavel,Vendedor externo,V05,3710.51,1,0.02072276,Médio,Carteira do vendedor V05,Segmento Mercearia,Só 8 pedido(s) nos últimos 90 dias,relacionamento;perfil;engajamento,relacionamento
C00516,Cliente Fictício 00516,Supermercado,Foz do Iguaçu,E-commerce B2B,V01,21725.94,10,0.020715343,Médio,1 reclamação(ões) de preço/condição comercial,28% das entregas com atraso nos últimos 90 dias,Desconto médio de 4.4%,preco;entrega,preco
C00288,Cliente Fictício 00288,Mercearia,Toledo,Televendas,V06,15459.039999999999,4,0.020615062,Médio,2 reclamação(ões) de atraso na entrega,27% das entregas com atraso nos últimos 90 dias,Desconto médio de 4.1%,entrega;preco,entrega
C01877,Cliente Fictício 01877,Mercearia,Marechal Cândido Rondon,Vendedor externo,V04,20182.31,18,0.020475218,Médio,Desconto médio de 4.4%,1 reclamação(ões) de preço/condição comercial,Última compra há 18 dias,preco;engajamento,preco
C00183,Cliente Fictício 00183,Padaria,Cascavel,Vendedor externo,V05,37103.51,2,0.020455642,Médio,Mix de itens por pedido -21%,Segmento Padaria,2 reclamação(ões) de produto/falta de item,produto;perfil,produto
C01529,Cliente Fictício 01529,Supermercado,Toledo,Vendedor externo,V08,45486.12,9,0.020379808,Médio,Carteira do vendedor V08,Ticket médio de R$ 3.499,1 reclamação(ões) de atraso na entrega,relacionamento;engajamento;entrega,relacionamento
C02417,Cliente Fictício 02417,Mercearia,Marechal Cândido Rondon,Vendedor externo,V05,4628.6900000000005,11,0.020314353,Médio,Carteira do vendedor V05,Mix de itens por pedido -15%,Segmento Mercearia,relacionamento;produto;perfil,relacionamento
C01196,Cliente Fictício 01196,Mercearia,Toledo,Vendedor externo,V05,10610.51,43,0.020302176,Médio,Última compra há 43 dias,Carteira do vendedor V05,Segmento Mercearia,engajamento;relacionamento;perfil,relacionamento
C01654,Cliente Fictício 01654,Supermercado,Toledo,Vendedor externo,V06,66556.18,5,0.020222165,Médio,Ticket médio de R$ 4.160,2 reclamação(ões) de atraso na entrega,Atraso médio de entrega de 1.9 dia(s),engajamento;entrega,entrega
C00584,Cliente Fictício 00584,Mercearia,Marechal Cândido Rondon,Televendas,V05,21561.01,1,0.020221872,Médio,Desconto médio de 4.9%,36% das entregas com atraso nos últimos 90 dias,Carteira do vendedor V05,preco;entrega;relacionamento,preco
C00991,Cliente Fictício 00991,Padaria,Foz do Iguaçu,Vendedor externo,V01,16286.24,25,0.020212634,Médio,Última compra há 25 dias,Segmento Padaria,Cliente há 21 meses,engajamento;perfil;relacionamento,relacionamento
C01424,Cliente Fictício 01424,Mercearia,Palotina,Televendas,V08,22099.86,4,0.020183943,Médio,Carteira do vendedor V08,Segmento Mercearia,Atraso médio de entrega de 0.9 dia(s),relacionamento;perfil;entrega,relacionamento
C00639,Cliente Fictício 00639,Restaurante,Marechal Cândido Rondon,Vendedor externo,V06,24157.68,6,0.020089982,Médio,33% das entregas com atraso nos últimos 90 dias,1 reclamação(ões) de atraso na entrega,Desconto médio de 4.2%,entrega;preco,entrega
C00255,Cliente Fictício 00255,Mercearia,Medianeira,Televendas,V05,19610.92,9,0.019921279,Médio,2 reclamação(ões) de atraso na entrega,Cidade Medianeira,Mix de itens por pedido -13%,entrega;produto,entrega
C01935,Cliente Fictício 01935,Restaurante,Foz do Iguaçu,Televendas,V01,54159.35,2,0.019689605,Médio,6 reclamação(ões) de atraso na entrega,Ticket médio de R$ 3.009,33% das entregas com atraso nos últimos 90 dias,entrega;engajamento,entrega
C01676,Cliente Fictício 01676,Hotel,Toledo,Vendedor externo,V01,5591.84,6,0.01968046,Médio,1 chamado(s) de cobrança/financeiro,Só 5 pedido(s) nos últimos 90 dias,Mix de itens por pedido -20%,financeiro;engajamento;produto,financeiro
C01023,Cliente Fictício 01023,Hotel,Cascavel,Vendedor externo,V05,72541.67,12,0.019653184,Médio,Ticket médio de R$ 5.580,Desconto médio de 4.5%,1 reclamação(ões) de atraso na entrega,engajamento;preco;entrega,preco
C01818,Cliente Fictício 01818,Padaria,Marechal Cândido Rondon,Vendedor externo,V08,34193.07,8,0.01955376,Médio,Carteira do vendedor V08,Segmento Padaria,23 pedidos no trimestre anterior,relacionamento;perfil;engajamento,relacionamento
C00097,Cliente Fictício 00097,Mercearia,Cascavel,Televendas,V03,1233.35,22,0.019386135,Médio,Última compra há 22 dias,Só 2 pedido(s) nos últimos 90 dias,Intervalo médio de 21 dias entre compras,engajamento,engajamento
C00229,Cliente Fictício 00229,Restaurante,Toledo,Vendedor externo,V03,17036.93,22,0.019233108,Médio,Última compra há 22 dias,1 reclamação(ões) de atraso na entrega,Cliente há 24 meses,engajamento;entrega;relacionamento,entrega
C00791,Cliente Fictício 00791,Mercearia,Cascavel,Televendas,V07,5787.54,4,0.019151893,Médio,Mix de itens por pedido -27%,Segmento Mercearia,Prazo de pagamento de 28 dias,produto;perfil;financeiro,produto
C01011,Cliente Fictício 01011,Restaurante,Palotina,Televendas,V01,19706.29,1,0.019085001,Médio,Mix de itens por pedido -21%,1 reclamação(ões) de atraso na entrega,Só 9 pedido(s) nos últimos 90 dias,produto;entrega;engajamento,produto
C00863,Cliente Fictício 00863,Restaurante,Foz do Iguaçu,Televendas,V01,27613.88,7,0.01905582,Médio,2 reclamação(ões) de atraso na entrega,33% das entregas com atraso nos últimos 90 dias,Desconto médio de 4.5%,entrega;preco,entrega
C02413,Cliente Fictício 02413,Mercearia,Toledo,Vendedor externo,V05,4496.76,14,0.018905288,Médio,1 reclamação(ões) de preço/condição comercial,Só 6 pedido(s) nos últimos 90 dias,Carteira do vendedor V05,preco;engajamento;relacionamento,preco
C02130,Cliente Fictício 02130,Supermercado,Cascavel,Vendedor externo,V04,57468.46,4,0.018823523,Médio,2 reclamação(ões) de atraso na entrega,Ticket médio de R$ 3.380,Atraso médio de pagamento de 5 dias,entrega;engajamento;financeiro,entrega
C02289,Cliente Fictício 02289,Mercearia,Cascavel,Televendas,V02,3573.75,6,0.018721089,Médio,Segmento Mercearia,Mix de itens por pedido -18%,Intervalo médio de 14 dias entre compras,perfil;produto;engajamento,produto
C01658,Cliente Fictício 01658,Lanchonete,Cascavel,E-commerce B2B,V07,16789.24,1,0.018679393,Médio,2 reclamação(ões) de preço/condição comercial,Segmento Lanchonete,Atendido por E-commerce B2B,preco;perfil;canal,preco
C02356,Cliente Fictício 02356,Restaurante,Palotina,Vendedor externo,V06,55887.28,8,0.018602675,Médio,3 reclamação(ões) de atraso na entrega,Ticket médio de R$ 3.287,Mix de itens por pedido -8%,entrega;engajamento;produto,entrega
C01463,Cliente Fictício 01463,Mercearia,Foz do Iguaçu,Televendas,V05,17072.23,2,0.018329844,Médio,3 reclamação(ões) de atraso na entrega,Carteira do vendedor V05,33% das entregas com atraso nos últimos 90 dias,entrega;relacionamento,entrega
C01349,Cliente Fictício 01349,Mercearia,Cascavel,Vendedor externo,V02,5072.01,9,0.018188851,Baixo,,,,,
C01404,Cliente Fictício 01404,Mercearia,Toledo,Vendedor externo,V08,10471.05,2,0.018168705,Baixo,,,,,
C01401,Cliente Fictício 01401,Padaria,Cascavel,Vendedor externo,V03,5304.92,11,0.018166054,Baixo,,,,,
C02143,Cliente Fictício 02143,Restaurante,Toledo,Televendas,V06,19945.46,3,0.018081104,Baixo,,,,,
C01002,Cliente Fictício 01002,Padaria,Foz do Iguaçu,Vendedor externo,V05,29522.07,3,0.018074527,Baixo,,,,,
C01866,Cliente Fictício 01866,Lanchonete,Cascavel,Vendedor externo,V08,6518.84,14,0.018055368,Baixo,,,,,
C00142,Cliente Fictício 00142,Padaria,Marechal Cândido Rondon,Televendas,V06,18007.64,2,0.018020429,Baixo,,,,,
C00218,Cliente Fictício 00218,Supermercado,Palotina,Vendedor externo,V03,17182.41,6,0.017893305,Baixo,,,,,
C01231,Cliente Fictício 01231,Mercearia,Palotina,E-commerce B2B,V06,7247.46,11,0.017875833,Baixo,,,,,
C01808,Cliente Fictício 01808,Padaria,Cascavel,E-commerce B2B,V07,71869.63,8,0.01776252,Baixo,,,,,
C00276,Cliente Fictício 00276,Mercearia,Cascavel,Televendas,V08,8966.98,3,0.01773649,Baixo,,,,,
C01441,Cliente Fictício 01441,Mercearia,Cascavel,Vendedor externo,V08,8002.889999999999,4,0.01773326,Baixo,,,,,
C02010,Cliente Fictício 02010,Restaurante,Cascavel,Vendedor externo,V06,31804.0,1,0.01761009,Baixo,,,,,
C00836,Cliente Fictício 00836,Padaria,Cascavel,Vendedor externo,V01,16700.06,7,0.017568717,Baixo,,,,,
C00439,Cliente Fictício 00439,Restaurante,Cascavel,E-commerce B2B,V04,25891.4,11,0.017448746,Baixo,,,,,
C00732,Cliente Fictício 00732,Supermercado,Cascavel,E-commerce B2B,V04,100887.7,1,0.01739845,Baixo,,,,,
C00664,Cliente Fictício 00664,Supermercado,Foz do Iguaçu,Vendedor externo,V06,72107.85,4,0.017374737,Baixo,,,,,
C00572,Cliente Fictício 00572,Lanchonete,Palotina,Vendedor externo,V08,2803.52,14,0.01734213,Baixo,,,,,
C00469,Cliente Fictício 00469,Supermercado,Foz do Iguaçu,Vendedor externo,V01,112949.06,10,0.017255437,Baixo,,,,,
C01472,Cliente Fictício 01472,Mercearia,Cascavel,Televendas,V01,5687.09,4,0.017148621,Baixo,,,,,
C01109,Cliente Fictício 01109,Hotel,Cascavel,Vendedor externo,V07,3939.29,12,0.017066158,Baixo,,,,,
C00304,Cliente Fictício 00304,Padaria,Foz do Iguaçu,Vendedor externo,V02,20842.31,5,0.016995369,Baixo,,,,,
C00835,Cliente Fictício 00835,Restaurante,Cascavel,Vendedor externo,V05,11384.85,2,0.01690976,Baixo,,,,,
C00169,Cliente Fictício 00169,Mercearia,Foz do Iguaçu,Vendedor externo,V04,9025.15,5,0.016860818,Baixo,,,,,
C00003,Cliente Fictício 00003,Lanchonete,Palotina,Televendas,V05,2418.5,8,0.016795022,Baixo,,,,,
C00090,Cliente Fictício 00090,Padaria,Toledo,Vendedor externo,V05,25779.83,9,0.016768955,Baixo,,,,,
C01449,Cliente Fictício 01449,Padaria,Medianeira,Televendas,V02,24816.08,1,0.016741164,Baixo,,,,,
C02041,Cliente Fictício 02041,Mercearia,Cascavel,Televendas,V04,4584.68,2,0.01673607,Baixo,,,,,
C02415,Cliente Fictício 02415,Padaria,Cascavel,Televendas,V05,15738.06,5,0.016636824,Baixo,,,,,
C01474,Cliente Fictício 01474,Padaria,Cascavel,Televendas,V08,15694.67,22,0.016624143,Baixo,,,,,
C00636,Cliente Fictício 00636,Supermercado,Marechal Cândido Rondon,Televendas,V06,25222.07,2,0.0165897,Baixo,,,,,
C01976,Cliente Fictício 01976,Mercearia,Foz do Iguaçu,Vendedor externo,V01,4209.91,12,0.0165724,Baixo,,,,,
C01050,Cliente Fictício 01050,Mercearia,Medianeira,Vendedor externo,V02,4383.15,14,0.016571483,Baixo,,,,,
C00551,Cliente Fictício 00551,Padaria,Medianeira,Vendedor externo,V08,28238.71,4,0.01648363,Baixo,,,,,
C01838,Cliente Fictício 01838,Padaria,Cascavel,Televendas,V03,6561.54,12,0.016323037,Baixo,,,,,
C01854,Cliente Fictício 01854,Restaurante,Cascavel,Vendedor externo,V07,17759.41,3,0.01625104,Baixo,,,,,
C00653,Cliente Fictício 00653,Restaurante,Cascavel,Televendas,V08,8955.55,1,0.016135007,Baixo,,,,,
C00905,Cliente Fictício 00905,Hotel,Medianeira,Vendedor externo,V03,15892.84,1,0.016115699,Baixo,,,,,
C02017,Cliente Fictício 02017,Mercearia,Toledo,Vendedor externo,V02,6420.860000000001,4,0.01603026,Baixo,,,,,
C00682,Cliente Fictício 00682,Mercearia,Cascavel,Vendedor externo,V08,6336.17,7,0.01598092,Baixo,,,,,
C02128,Cliente Fictício 02128,Mercearia,Cascavel,Vendedor externo,V02,10063.67,2,0.015962904,Baixo,,,,,
C00547,Cliente Fictício 00547,Mercearia,Toledo,E-commerce B2B,V06,5855.9,2,0.015892716,Baixo,,,,,
C02197,Cliente Fictício 02197,Supermercado,Toledo,Vendedor externo,V06,65320.0,3,0.015821131,Baixo,,,,,
C00528,Cliente Fictício 00528,Hotel,Medianeira,Vendedor externo,V03,4798.83,2,0.0157949,Baixo,,,,,
C02479,Cliente Fictício 02479,Mercearia,Marechal Cândido Rondon,Vendedor externo,V07,10640.35,16,0.015547668,Baixo,,,,,
C00796,Cliente Fictício 00796,Mercearia,Palotina,Televendas,V01,24551.12,8,0.015547033,Baixo,,,,,
C00012,Cliente Fictício 00012,Hotel,Toledo,Vendedor externo,V06,7256.08,3,0.015435889,Baixo,,,,,
C01171,Cliente Fictício 01171,Mercearia,Cascavel,E-commerce B2B,V05,20901.71,2,0.015427434,Baixo,,,,,
C00395,Cliente Fictício 00395,Supermercado,Palotina,Vendedor externo,V06,72513.41,4,0.015373893,Baixo,,,,,
C00736,Cliente Fictício 00736,Restaurante,Cascavel,E-commerce B2B,V02,49919.88,2,0.015309805,Baixo,,,,,
C02162,Cliente Fictício 02162,Mercearia,Palotina,Vendedor externo,V05,24599.829999999998,11,0.014960424,Baixo,,,,,
C00447,Cliente Fictício 00447,Hotel,Cascavel,Televendas,V05,32945.28,10,0.014935338,Baixo,,,,,
C00152,Cliente Fictício 00152,Lanchonete,Toledo,Vendedor externo,V08,14988.28,1,0.014894647,Baixo,,,,,
C00887,Cliente Fictício 00887,Mercearia,Toledo,Vendedor externo,V02,3533.9300000000003,1,0.014659797,Baixo,,,,,
C01197,Cliente Fictício 01197,Mercearia,Cascavel,Televendas,V03,6589.4,9,0.01452327,Baixo,,,,,
C00140,Cliente Fictício 00140,Supermercado,Cascavel,Televendas,V08,60191.95,15,0.014469739,Baixo,,,,,
C01646,Cliente Fictício 01646,Padaria,Cascavel,Vendedor externo,V01,7911.13,9,0.014435066,Baixo,,,,,
C00197,Cliente Fictício 00197,Padaria,Marechal Cândido Rondon,Vendedor externo,V05,6368.8,5,0.014345132,Baixo,,,,,
C00622,Cliente Fictício 00622,Padaria,Cascavel,Vendedor externo,V02,11008.43,13,0.014286243,Baixo,,,,,
C00784,Cliente Fictício 00784,Padaria,Cascavel,E-commerce B2B,V08,32221.739999999998,18,0.014139141,Baixo,,,,,
C02313,Cliente Fictício 02313,Mercearia,Toledo,Vendedor externo,V02,1759.07,10,0.013937965,Baixo,,,,,
C00325,Cliente Fictício 00325,Lanchonete,Palotina,Vendedor externo,V08,3991.7799999999997,7,0.013903622,Baixo,,,,,
C01635,Cliente Fictício 01635,Hotel,Toledo,Televendas,V01,30021.56,18,0.013889566,Baixo,,,,,
C00254,Cliente Fictício 00254,Mercearia,Cascavel,Televendas,V08,13078.88,9,0.013806345,Baixo,,,,,
C01335,Cliente Fictício 01335,Hotel,Cascavel,Televendas,V05,15004.42,6,0.013760823,Baixo,,,,,
C02198,Cliente Fictício 02198,Padaria,Toledo,E-commerce B2B,V04,30104.64,8,0.013693999,Baixo,,,,,
C00881,Cliente Fictício 00881,Mercearia,Cascavel,Vendedor externo,V08,15955.08,7,0.013692697,Baixo,,,,,
C02484,Cliente Fictício 02484,Mercearia,Cascavel,Televendas,V06,7422.6,6,0.01368595,Baixo,,,,,
C00561,Cliente Fictício 00561,Supermercado,Foz do Iguaçu,E-commerce B2B,V01,56922.899999999994,1,0.013671803,Baixo,,,,,
C00373,Cliente Fictício 00373,Mercearia,Cascavel,Vendedor externo,V06,10953.5,1,0.013619067,Baixo,,,,,
C01691,Cliente Fictício 01691,Restaurante,Cascavel,Vendedor externo,V02,16280.6,19,0.013604522,Baixo,,,,,
C00177,Cliente Fictício 00177,Padaria,Toledo,Vendedor externo,V06,23870.09,16,0.013558762,Baixo,,,,,
C01340,Cliente Fictício 01340,Mercearia,Cascavel,Televendas,V04,1533.2600000000002,3,0.0135284895,Baixo,,,,,
C01619,Cliente Fictício 01619,Hotel,Cascavel,Vendedor externo,V01,2536.2,1,0.013373444,Baixo,,,,,
C00861,Cliente Fictício 00861,Restaurante,Cascavel,Televendas,V07,8520.43,34,0.013360621,Baixo,,,,,
C01748,Cliente Fictício 01748,Padaria,Cascavel,Vendedor externo,V04,21766.16,6,0.01334422,Baixo,,,,,
C00922,Cliente Fictício 00922,Lanchonete,Cascavel,Vendedor externo,V02,4966.4,10,0.01331821,Baixo,,,,,
C00180,Cliente Fictício 00180,Restaurante,Cascavel,Vendedor externo,V04,15051.64,13,0.01331373,Baixo,,,,,
C02321,Cliente Fictício 02321,Supermercado,Foz do Iguaçu,Vendedor externo,V03,17093.01,11,0.013260105,Baixo,,,,,
C02496,Cliente Fictício 02496,Padaria,Cascavel,Televendas,V07,8798.98,3,0.013245638,Baixo,,,,,
C01150,Cliente Fictício 01150,Lanchonete,Medianeira,Televendas,V08,6585.6,7,0.013165555,Baixo,,,,,
C02250,Cliente Fictício 02250,Mercearia,Cascavel,Televendas,V03,3009.6,3,0.013072127,Baixo,,,,,
C01247,Cliente Fictício 01247,Padaria,Cascavel,E-commerce B2B,V08,10453.56,3,0.013056922,Baixo,,,,,
C00661,Cliente Fictício 00661,Mercearia,Palotina,Vendedor externo,V02,3808.42,6,0.012946624,Baixo,,,,,
C00708,Cliente Fictício 00708,Restaurante,Cascavel,Televendas,V04,11407.97,5,0.012919183,Baixo,,,,,
C02177,Cliente Fictício 02177,Mercearia,Cascavel,Vendedor externo,V05,9411.73,3,0.0129169095,Baixo,,,,,
C01606,Cliente Fictício 01606,Mercearia,Cascavel,Vendedor externo,V02,6503.77,2,0.012860636,Baixo,,,,,
C02316,Cliente Fictício 02316,Mercearia,Cascavel,Vendedor externo,V04,27991.96,2,0.012797674,Baixo,,,,,
C01295,Cliente Fictício 01295,Mercearia,Foz do Iguaçu,Vendedor externo,V08,10053.58,4,0.012796775,Baixo,,,,,
C01431,Cliente Fictício 01431,Hotel,Toledo,Vendedor externo,V01,27170.78,1,0.012720767,Baixo,,,,,
C01984,Cliente Fictício 01984,Mercearia,Cascavel,Televendas,V08,3751.23,3,0.01270193,Baixo,,,,,
C02116,Cliente Fictício 02116,Hotel,Cascavel,E-commerce B2B,V06,29846.920000000002,3,0.01260371,Baixo,,,,,
C00344,Cliente Fictício 00344,Padaria,Cascavel,Televendas,V02,13238.460000000001,3,0.012517725,Baixo,,,,,
C00047,Cliente Fictício 00047,Mercearia,Palotina,Vendedor externo,V08,12250.77,5,0.012497829,Baixo,,,,,
C02382,Cliente Fictício 02382,Mercearia,Foz do Iguaçu,Vendedor externo,V05,21430.86,3,0.012459466,Baixo,,,,,
C00711,Cliente Fictício 00711,Hotel,Cascavel,Televendas,V07,20910.63,12,0.0124317035,Baixo,,,,,
C00638,Cliente Fictício 00638,Restaurante,Cascavel,Televendas,V08,32417.74,17,0.012365742,Baixo,,,,,
C01366,Cliente Fictício 01366,Padaria,Cascavel,Vendedor externo,V05,8072.92,2,0.012350552,Baixo,,,,,
C02154,Cliente Fictício 02154,Restaurante,Cascavel,Televendas,V01,28543.39,13,0.012252997,Baixo,,,,,
C01862,Cliente Fictício 01862,Hotel,Toledo,E-commerce B2B,V01,11301.32,2,0.012017401,Baixo,,,,,
C02462,Cliente Fictício 02462,Restaurante,Cascavel,Televendas,V02,5673.62,9,0.012017311,Baixo,,,,,
C00557,Cliente Fictício 00557,Mercearia,Foz do Iguaçu,Vendedor externo,V06,37421.82,2,0.011939186,Baixo,,,,,
C00420,Cliente Fictício 00420,Lanchonete,Foz do Iguaçu,Vendedor externo,V06,4664.27,1,0.01191349,Baixo,,,,,
C01753,Cliente Fictício 01753,Lanchonete,Cascavel,Televendas,V02,4887.82,3,0.011846202,Baixo,,,,,
C01588,Cliente Fictício 01588,Padaria,Foz do Iguaçu,E-commerce B2B,V01,13904.85,5,0.01170215,Baixo,,,,,
C00463,Cliente Fictício 00463,Hotel,Cascavel,Vendedor externo,V07,5469.79,19,0.011676902,Baixo,,,,,
C01717,Cliente Fictício 01717,Mercearia,Foz do Iguaçu,Televendas,V04,31546.19,2,0.011625797,Baixo,,,,,
C01507,Cliente Fictício 01507,Restaurante,Toledo,E-commerce B2B,V05,10203.130000000001,7,0.011549513,Baixo,,,,,
C00301,Cliente Fictício 00301,Restaurante,Palotina,Televendas,V06,122931.04,14,0.011516995,Baixo,,,,,
C02118,Cliente Fictício 02118,Supermercado,Toledo,Televendas,V03,38531.77,2,0.011495583,Baixo,,,,,
C02387,Cliente Fictício 02387,Hotel,Cascavel,Vendedor externo,V06,22612.82,6,0.011204277,Baixo,,,,,
C02287,Cliente Fictício 02287,Lanchonete,Cascavel,Televendas,V02,3067.16,4,0.01119797,Baixo,,,,,
C00116,Cliente Fictício 00116,Lanchonete,Toledo,E-commerce B2B,V03,15929.41,2,0.011184885,Baixo,,,,,
C00907,Cliente Fictício 00907,Padaria,Toledo,Televendas,V01,21954.84,1,0.011180878,Baixo,,,,,
C01457,Cliente Fictício 01457,Mercearia,Palotina,Vendedor externo,V01,11401.68,8,0.011156264,Baixo,,,,,
C01509,Cliente Fictício 01509,Mercearia,Cascavel,Televendas,V01,4921.57,28,0.011106746,Baixo,,,,,
C00198,Cliente Fictício 00198,Lanchonete,Cascavel,Vendedor externo,V04,2527.42,12,0.0110560125,Baixo,,,,,
C01844,Cliente Fictício 01844,Hotel,Cascavel,Vendedor externo,V07,5297.68,4,0.0110241445,Baixo,,,,,
C01545,Cliente Fictício 01545,Padaria,Toledo,Vendedor externo,V03,56243.0,6,0.010934336,Baixo,,,,,
C00055,Cliente Fictício 00055,Restaurante,Cascavel,Televendas,V06,10718.89,10,0.010916513,Baixo,,,,,
C02180,Cliente Fictício 02180,Hotel,Medianeira,Vendedor externo,V06,10542.27,1,0.0109053,Baixo,,,,,
C00517,Cliente Fictício 00517,Mercearia,Palotina,Vendedor externo,V03,7088.150000000001,20,0.0107946955,Baixo,,,,,
C01531,Cliente Fictício 01531,Mercearia,Toledo,Vendedor externo,V05,4179.11,9,0.010780722,Baixo,,,,,
C01385,Cliente Fictício 01385,Hotel,Palotina,Vendedor externo,V01,9574.029999999999,2,0.010715992,Baixo,,,,,
C01762,Cliente Fictício 01762,Supermercado,Medianeira,Televendas,V04,186692.38,6,0.010672394,Baixo,,,,,
C01157,Cliente Fictício 01157,Supermercado,Cascavel,Vendedor externo,V05,35672.270000000004,9,0.010582664,Baixo,,,,,
C00225,Cliente Fictício 00225,Mercearia,Cascavel,Vendedor externo,V01,6565.59,20,0.010566414,Baixo,,,,,
C00634,Cliente Fictício 00634,Mercearia,Cascavel,Vendedor externo,V05,29499.58,1,0.010551116,Baixo,,,,,
C00189,Cliente Fictício 00189,Restaurante,Cascavel,E-commerce B2B,V02,19417.22,3,0.010483501,Baixo,,,,,
C00245,Cliente Fictício 00245,Padaria,Cascavel,Vendedor externo,V04,6685.29,15,0.010460352,Baixo,,,,,
C02045,Cliente Fictício 02045,Hotel,Cascavel,E-commerce B2B,V06,66321.99,6,0.0104155755,Baixo,,,,,
C00754,Cliente Fictício 00754,Padaria,Toledo,Televendas,V06,8046.82,4,0.010411979,Baixo,,,,,
C00311,Cliente Fictício 00311,Padaria,Cascavel,Vendedor externo,V02,10367.5,1,0.010395424,Baixo,,,,,
C02049,Cliente Fictício 02049,Supermercado,Marechal Cândido Rondon,Vendedor externo,V03,10545.89,10,0.010297651,Baixo,,,,,
C02106,Cliente Fictício 02106,Restaurante,Cascavel,Vendedor externo,V07,5773.67,9,0.010257385,Baixo,,,,,
C01062,Cliente Fictício 01062,Padaria,Toledo,Vendedor externo,V05,8571.39,5,0.010255453,Baixo,,,,,
C01577,Cliente Fictício 01577,Restaurante,Foz do Iguaçu,Vendedor externo,V01,11901.98,22,0.010193686,Baixo,,,,,
C00686,Cliente Fictício 00686,Mercearia,Cascavel,Vendedor externo,V01,11669.36,6,0.01005234,Baixo,,,,,
C01579,Cliente Fictício 01579,Hotel,Cascavel,E-commerce B2B,V06,10200.67,2,0.0100400485,Baixo,,,,,
C02078,Cliente Fictício 02078,Mercearia,Cascavel,E-commerce B2B,V01,7170.05,24,0.010021061,Baixo,,,,,
C01547,Cliente Fictício 01547,Mercearia,Cascavel,Vendedor externo,V06,5188.46,6,0.010013774,Baixo,,,,,
C01386,Cliente Fictício 01386,Supermercado,Cascavel,E-commerce B2B,V01,52164.46,9,0.009977389,Baixo,,,,,
C01471,Cliente Fictício 01471,Hotel,Palotina,Vendedor externo,V01,28725.68,14,0.009945787,Baixo,,,,,
C00783,Cliente Fictício 00783,Padaria,Cascavel,Vendedor externo,V04,7569.88,6,0.009917775,Baixo,,,,,
C00961,Cliente Fictício 00961,Padaria,Toledo,Vendedor externo,V06,19001.01,1,0.0099057965,Baixo,,,,,
C01476,Cliente Fictício 01476,Padaria,Cascavel,Vendedor externo,V05,15745.81,13,0.009871518,Baixo,,,,,
C00190,Cliente Fictício 00190,Mercearia,Toledo,Televendas,V05,9096.32,6,0.009813458,Baixo,,,,,
C01700,Cliente Fictício 01700,Restaurante,Cascavel,Televendas,V01,12146.09,8,0.009785211,Baixo,,,,,
C01859,Cliente Fictício 01859,Mercearia,Toledo,Vendedor externo,V05,18557.65,4,0.00977513,Baixo,,,,,
C01191,Cliente Fictício 01191,Padaria,Cascavel,Televendas,V01,14996.05,14,0.009773917,Baixo,,,,,
C00556,Cliente Fictício 00556,Mercearia,Toledo,E-commerce B2B,V07,14358.89,9,0.009750104,Baixo,,,,,
C00874,Cliente Fictício 00874,Mercearia,Cascavel,Vendedor externo,V02,5208.5,2,0.009743329,Baixo,,,,,
C02468,Cliente Fictício 02468,Padaria,Cascavel,Vendedor externo,V04,37883.72,2,0.009730718,Baixo,,,,,
C00305,Cliente Fictício 00305,Lanchonete,Cascavel,Vendedor externo,V04,14282.09,13,0.009725508,Baixo,,,,,
C00917,Cliente Fictício 00917,Supermercado,Foz do Iguaçu,Televendas,V04,13680.22,7,0.009698717,Baixo,,,,,
C02178,Cliente Fictício 02178,Lanchonete,Cascavel,E-commerce B2B,V04,2325.44,5,0.009672039,Baixo,,,,,
C01381,Cliente Fictício 01381,Padaria,Foz do Iguaçu,Televendas,V02,34804.89,2,0.0096595725,Baixo,,,,,
C01981,Cliente Fictício 01981,Lanchonete,Toledo,E-commerce B2B,V03,3328.88,7,0.009654438,Baixo,,,,,
C02244,Cliente Fictício 02244,Mercearia,Cascavel,Televendas,V05,8376.69,15,0.009620722,Baixo,,,,,
C01516,Cliente Fictício 01516,Mercearia,Toledo,Vendedor externo,V02,17296.77,9,0.009596677,Baixo,,,,,
C01437,Cliente Fictício 01437,Mercearia,Cascavel,Vendedor externo,V01,5441.51,1,0.009581877,Baixo,,,,,
C02406,Cliente Fictício 02406,Mercearia,Foz do Iguaçu,Vendedor externo,V02,21192.53,9,0.009574861,Baixo,,,,,
C02494,Cliente Fictício 02494,Hotel,Cascavel,Vendedor externo,V06,31757.63,7,0.009564353,Baixo,,,,,
C01236,Cliente Fictício 01236,Supermercado,Palotina,Vendedor externo,V03,32862.67,9,0.009561413,Baixo,,,,,
C00083,Cliente Fictício 00083,Lanchonete,Cascavel,Vendedor externo,V06,2736.8599999999997,4,0.009470108,Baixo,,,,,
C00443,Cliente Fictício 00443,Restaurante,Marechal Cândido Rondon,Televendas,V05,28143.27,5,0.00946425,Baixo,,,,,
C01456,Cliente Fictício 01456,Supermercado,Foz do Iguaçu,Televendas,V02,77926.95,6,0.009462238,Baixo,,,,,
C01554,Cliente Fictício 01554,Mercearia,Toledo,Vendedor externo,V04,5857.23,4,0.009450215,Baixo,,,,,
C01242,Cliente Fictício 01242,Mercearia,Cascavel,Vendedor externo,V04,8865.2,8,0.009446516,Baixo,,,,,
C00513,Cliente Fictício 00513,Supermercado,Marechal Cândido Rondon,Vendedor externo,V05,54117.12,5,0.009444495,Baixo,,,,,
C01715,Cliente Fictício 01715,Mercearia,Foz do Iguaçu,Televendas,V07,8663.05,4,0.009426187,Baixo,,,,,
C01407,Cliente Fictício 01407,Hotel,Marechal Cândido Rondon,E-commerce B2B,V06,8718.23,8,0.00941211,Baixo,,,,,
C00505,Cliente Fictício 00505,Padaria,Cascavel,E-commerce B2B,V02,25320.38,3,0.009341789,Baixo,,,,,
C00597,Cliente Fictício 00597,Restaurante,Cascavel,E-commerce B2B,V01,3606.72,5,0.009309177,Baixo,,,,,
C02469,Cliente Fictício 02469,Padaria,Cascavel,Televendas,V08,12927.01,9,0.009258924,Baixo,,,,,
C00629,Cliente Fictício 00629,Padaria,Foz do Iguaçu,Vendedor externo,V07,31091.4,9,0.00925428,Baixo,,,,,
C02334,Cliente Fictício 02334,Supermercado,Marechal Cândido Rondon,Televendas,V04,124358.96,6,0.009249831,Baixo,,,,,
C01245,Cliente Fictício 01245,Mercearia,Cascavel,Vendedor externo,V08,26747.93,3,0.009205911,Baixo,,,,,
C00916,Cliente Fictício 00916,Hotel,Cascavel,Televendas,V03,33345.16,3,0.009197647,Baixo,,,,,
C02450,Cliente Fictício 02450,Padaria,Foz do Iguaçu,Vendedor externo,V05,92494.94,2,0.009192512,Baixo,,,,,
C00535,Cliente Fictício 00535,Supermercado,Palotina,Televendas,V01,98498.85,4,0.00918534,Baixo,,,,,
C02281,Cliente Fictício 02281,Mercearia,Cascavel,Televendas,V02,10162.85,7,0.009182512,Baixo,,,,,
C02212,Cliente Fictício 02212,Padaria,Cascavel,Televendas,V04,27910.58,3,0.009086995,Baixo,,,,,
C01037,Cliente Fictício 01037,Mercearia,Cascavel,E-commerce B2B,V03,5394.9400000000005,12,0.009056201,Baixo,,,,,
C00918,Cliente Fictício 00918,Supermercado,Marechal Cândido Rondon,Televendas,V01,42023.45,1,0.008988878,Baixo,,,,,
C02195,Cliente Fictício 02195,Padaria,Toledo,Televendas,V07,16492.68,22,0.008965299,Baixo,,,,,
C00483,Cliente Fictício 00483,Padaria,Cascavel,Vendedor externo,V07,20789.72,4,0.008964626,Baixo,,,,,
C00571,Cliente Fictício 00571,Mercearia,Cascavel,Vendedor externo,V07,10203.39,9,0.008941056,Baixo,,,,,
C00524,Cliente Fictício 00524,Padaria,Foz do Iguaçu,Televendas,V08,31706.03,2,0.008881893,Baixo,,,,,
C01824,Cliente Fictício 01824,Padaria,Cascavel,Vendedor externo,V05,35633.04,7,0.008871657,Baixo,,,,,
C00250,Cliente Fictício 00250,Mercearia,Cascavel,Televendas,V04,9684.789999999999,5,0.008761599,Baixo,,,,,
C00787,Cliente Fictício 00787,Lanchonete,Foz do Iguaçu,E-commerce B2B,V06,4234.9,1,0.008645331,Baixo,,,,,
C00278,Cliente Fictício 00278,Padaria,Toledo,Televendas,V05,34373.84,1,0.008644194,Baixo,,,,,
C01264,Cliente Fictício 01264,Hotel,Cascavel,Televendas,V08,11397.1,5,0.008629309,Baixo,,,,,
C02171,Cliente Fictício 02171,Mercearia,Cascavel,Vendedor externo,V05,7483.33,5,0.008573277,Baixo,,,,,
C00339,Cliente Fictício 00339,Supermercado,Cascavel,Televendas,V06,74533.31,6,0.008566224,Baixo,,,,,
C00770,Cliente Fictício 00770,Padaria,Cascavel,Televendas,V01,13873.16,7,0.008546739,Baixo,,,,,
C01563,Cliente Fictício 01563,Lanchonete,Cascavel,Vendedor externo,V01,931.13,3,0.008531289,Baixo,,,,,
C01627,Cliente Fictício 01627,Mercearia,Toledo,Televendas,V02,15644.72,6,0.008493724,Baixo,,,,,
C00078,Cliente Fictício 00078,Restaurante,Medianeira,Vendedor externo,V02,13395.68,4,0.008287733,Baixo,,,,,
C00389,Cliente Fictício 00389,Supermercado,Cascavel,Vendedor externo,V04,106482.59,4,0.008177438,Baixo,,,,,
C01043,Cliente Fictício 01043,Restaurante,Medianeira,Televendas,V05,25985.95,8,0.008164392,Baixo,,,,,
C01299,Cliente Fictício 01299,Restaurante,Toledo,Vendedor externo,V08,38870.03,2,0.008139644,Baixo,,,,,
C01325,Cliente Fictício 01325,Mercearia,Marechal Cândido Rondon,Televendas,V02,20437.17,1,0.008090286,Baixo,,,,,
C01783,Cliente Fictício 01783,Mercearia,Foz do Iguaçu,Televendas,V01,15190.5,2,0.0080447355,Baixo,,,,,
C00577,Cliente Fictício 00577,Lanchonete,Cascavel,E-commerce B2B,V06,3314.93,18,0.008013146,Baixo,,,,,
C02294,Cliente Fictício 02294,Mercearia,Palotina,Vendedor externo,V06,13605.12,6,0.0080040395,Baixo,,,,,
C01256,Cliente Fictício 01256,Lanchonete,Cascavel,E-commerce B2B,V06,16067.81,2,0.007942749,Baixo,,,,,
C02386,Cliente Fictício 02386,Restaurante,Medianeira,Televendas,V01,15301.45,9,0.007932731,Baixo,,,,,
C01082,Cliente Fictício 01082,Lanchonete,Marechal Cândido Rondon,Vendedor externo,V02,11967.22,3,0.007901384,Baixo,,,,,
C01447,Cliente Fictício 01447,Lanchonete,Cascavel,Televendas,V01,11026.81,5,0.007895499,Baixo,,,,,
C00824,Cliente Fictício 00824,Restaurante,Marechal Cândido Rondon,Vendedor externo,V02,5794.08,16,0.007856785,Baixo,,,,,
C01922,Cliente Fictício 01922,Mercearia,Cascavel,Televendas,V08,23525.51,5,0.007843111,Baixo,,,,,
C01281,Cliente Fictício 01281,Mercearia,Cascavel,Televendas,V02,10576.85,1,0.0077647744,Baixo,,,,,
C00602,Cliente Fictício 00602,Restaurante,Cascavel,Vendedor externo,V02,34410.28,1,0.0077192644,Baixo,,,,,
C01807,Cliente Fictício 01807,Supermercado,Toledo,Vendedor externo,V05,125596.95999999999,2,0.007690558,Baixo,,,,,
C00306,Cliente Fictício 00306,Padaria,Cascavel,Televendas,V05,14863.54,2,0.007664609,Baixo,,,,,
C01306,Cliente Fictício 01306,Hotel,Cascavel,Vendedor externo,V05,17762.84,14,0.0076347785,Baixo,,,,,
C00354,Cliente Fictício 00354,Padaria,Cascavel,Televendas,V03,29420.56,11,0.0076335976,Baixo,,,,,
C01823,Cliente Fictício 01823,Padaria,Foz do Iguaçu,Vendedor externo,V02,78184.34,8,0.007599656,Baixo,,,,,
C01725,Cliente Fictício 01725,Padaria,Cascavel,Vendedor externo,V04,32949.38,7,0.007527248,Baixo,,,,,
C02464,Cliente Fictício 02464,Padaria,Cascavel,E-commerce B2B,V05,50818.62,2,0.00751743,Baixo,,,,,
C00611,Cliente Fictício 00611,Padaria,Cascavel,Vendedor externo,V06,28599.34,6,0.0074803513,Baixo,,,,,
C02182,Cliente Fictício 02182,Hotel,Cascavel,Vendedor externo,V05,43048.25,26,0.007471113,Baixo,,,,,
C02480,Cliente Fictício 02480,Hotel,Palotina,E-commerce B2B,V06,5391.24,4,0.0074585956,Baixo,,,,,
C00989,Cliente Fictício 00989,Mercearia,Cascavel,E-commerce B2B,V05,26426.82,3,0.007442812,Baixo,,,,,
C01481,Cliente Fictício 01481,Mercearia,Cascavel,Televendas,V08,6819.3,3,0.007403466,Baixo,,,,,
C01310,Cliente Fictício 01310,Hotel,Marechal Cândido Rondon,Televendas,V05,12151.46,4,0.0073802317,Baixo,,,,,
C00802,Cliente Fictício 00802,Mercearia,Cascavel,Televendas,V03,13079.0,6,0.0073671225,Baixo,,,,,
C01301,Cliente Fictício 01301,Mercearia,Cascavel,Vendedor externo,V05,4116.84,22,0.007325254,Baixo,,,,,
C02391,Cliente Fictício 02391,Padaria,Cascavel,Vendedor externo,V05,10763.94,17,0.0072590313,Baixo,,,,,
C01144,Cliente Fictício 01144,Lanchonete,Cascavel,Televendas,V05,4133.54,1,0.007244826,Baixo,,,,,
C00660,Cliente Fictício 00660,Mercearia,Cascavel,Televendas,V02,12524.01,8,0.007239635,Baixo,,,,,
C02377,Cliente Fictício 02377,Lanchonete,Cascavel,Vendedor externo,V02,1141.35,16,0.007237244,Baixo,,,,,
C01996,Cliente Fictício 01996,Restaurante,Cascavel,Televendas,V08,23822.07,2,0.007234216,Baixo,,,,,
C01455,Cliente Fictício 01455,Mercearia,Cascavel,Televendas,V02,2871.82,5,0.0072330446,Baixo,,,,,
C01552,Cliente Fictício 01552,Padaria,Foz do Iguaçu,Vendedor externo,V03,53184.159999999996,1,0.0071691326,Baixo,,,,,
C01543,Cliente Fictício 01543,Mercearia,Cascavel,E-commerce B2B,V04,16017.04,13,0.007154912,Baixo,,,,,
C01066,Cliente Fictício 01066,Hotel,Marechal Cândido Rondon,E-commerce B2B,V05,34597.45,4,0.0071135643,Baixo,,,,,
C02048,Cliente Fictício 02048,Padaria,Cascavel,Vendedor externo,V04,22446.71,1,0.007084122,Baixo,,,,,
C01763,Cliente Fictício 01763,Mercearia,Cascavel,E-commerce B2B,V02,25378.44,3,0.0070807687,Baixo,,,,,
C02320,Cliente Fictício 02320,Lanchonete,Toledo,Vendedor externo,V04,2262.74,10,0.0070767067,Baixo,,,,,
C00880,Cliente Fictício 00880,Padaria,Palotina,Vendedor externo,V05,11085.25,26,0.007057427,Baixo,,,,,
C02189,Cliente Fictício 02189,Mercearia,Medianeira,Vendedor externo,V02,7454.21,4,0.0070472425,Baixo,,,,,
C00570,Cliente Fictício 00570,Padaria,Toledo,E-commerce B2B,V04,23053.86,10,0.007017329,Baixo,,,,,
C02246,Cliente Fictício 02246,Mercearia,Cascavel,E-commerce B2B,V02,7771.59,2,0.007000202,Baixo,,,,,
C01971,Cliente Fictício 01971,Mercearia,Medianeira,Televendas,V06,16736.29,1,0.0069782073,Baixo,,,,,
C00058,Cliente Fictício 00058,Padaria,Cascavel,Vendedor externo,V04,20184.7,1,0.0069102296,Baixo,,,,,
C01616,Cliente Fictício 01616,Mercearia,Cascavel,Vendedor externo,V06,5342.53,1,0.00686225,Baixo,,,,,
C01519,Cliente Fictício 01519,Supermercado,Cascavel,Vendedor externo,V01,125324.53,2,0.006816345,Baixo,,,,,
C01092,Cliente Fictício 01092,Restaurante,Cascavel,Vendedor externo,V02,16051.119999999999,21,0.0068092016,Baixo,,,,,
C00422,Cliente Fictício 00422,Supermercado,Cascavel,Vendedor externo,V04,262471.29,6,0.0068057072,Baixo,,,,,
C00912,Cliente Fictício 00912,Lanchonete,Cascavel,Vendedor externo,V06,8851.55,2,0.006745603,Baixo,,,,,
C00367,Cliente Fictício 00367,Restaurante,Toledo,Vendedor externo,V05,8965.39,21,0.0066950195,Baixo,,,,,
C00690,Cliente Fictício 00690,Padaria,Cascavel,E-commerce B2B,V01,26302.66,2,0.0066693705,Baixo,,,,,
C01903,Cliente Fictício 01903,Lanchonete,Cascavel,Televendas,V05,3155.12,8,0.006662405,Baixo,,,,,
C02283,Cliente Fictício 02283,Mercearia,Palotina,Vendedor externo,V05,16997.66,4,0.0066559142,Baixo,,,,,
C02176,Cliente Fictício 02176,Padaria,Cascavel,Vendedor externo,V04,32229.75,4,0.006616245,Baixo,,,,,
C00654,Cliente Fictício 00654,Mercearia,Cascavel,Vendedor externo,V07,27374.29,5,0.0065626698,Baixo,,,,,
C00925,Cliente Fictício 00925,Supermercado,Cascavel,Televendas,V03,33099.18,13,0.006534273,Baixo,,,,,
C01397,Cliente Fictício 01397,Padaria,Cascavel,Televendas,V04,20349.34,11,0.006476029,Baixo,,,,,
C01769,Cliente Fictício 01769,Supermercado,Marechal Cândido Rondon,Televendas,V05,85006.0,4,0.0064669023,Baixo,,,,,
C01801,Cliente Fictício 01801,Padaria,Toledo,Vendedor externo,V04,5506.12,10,0.006459728,Baixo,,,,,
C01644,Cliente Fictício 01644,Mercearia,Toledo,Vendedor externo,V05,15228.59,12,0.006445671,Baixo,,,,,
C00308,Cliente Fictício 00308,Restaurante,Marechal Cândido Rondon,Vendedor externo,V01,10294.93,13,0.0063969833,Baixo,,,,,
C02338,Cliente Fictício 02338,Mercearia,Cascavel,Vendedor externo,V05,14617.16,10,0.00638679,Baixo,,,,,
C01827,Cliente Fictício 01827,Padaria,Cascavel,Vendedor externo,V06,19972.35,2,0.0063859364,Baixo,,,,,
C02490,Cliente Fictício 02490,Padaria,Cascavel,Vendedor externo,V05,43137.28,1,0.006369317,Baixo,,,,,
C01462,Cliente Fictício 01462,Padaria,Cascavel,Televendas,V02,25016.7,1,0.0063453163,Baixo,,,,,
C00949,Cliente Fictício 00949,Lanchonete,Cascavel,Vendedor externo,V02,4627.42,8,0.0063434704,Baixo,,,,,
C02058,Cliente Fictício 02058,Padaria,Marechal Cândido Rondon,Vendedor externo,V06,26268.190000000002,1,0.0063432185,Baixo,,,,,
C02357,Cliente Fictício 02357,Padaria,Toledo,Televendas,V07,13358.9,3,0.0063394024,Baixo,,,,,
C01899,Cliente Fictício 01899,Supermercado,Cascavel,Televendas,V03,68148.02,1,0.00633401,Baixo,,,,,
C02006,Cliente Fictício 02006,Lanchonete,Toledo,Vendedor externo,V02,12266.84,25,0.0063021244,Baixo,,,,,
C02341,Cliente Fictício 02341,Supermercado,Medianeira,Vendedor externo,V01,251461.55000000002,3,0.0062973723,Baixo,,,,,
C00066,Cliente Fictício 00066,Padaria,Toledo,Vendedor externo,V04,45989.4,4,0.0062772124,Baixo,,,,,
C01514,Cliente Fictício 01514,Restaurante,Cascavel,Televendas,V07,17959.84,2,0.006258738,Baixo,,,,,
C01388,Cliente Fictício 01388,Mercearia,Medianeira,Vendedor externo,V08,29451.82,10,0.0062243477,Baixo,,,,,
C00466,Cliente Fictício 00466,Restaurante,Toledo,Televendas,V03,3451.87,4,0.006210382,Baixo,,,,,
C02101,Cliente Fictício 02101,Restaurante,Foz do Iguaçu,Vendedor externo,V03,27567.39,5,0.0061996086,Baixo,,,,,
C01443,Cliente Fictício 01443,Supermercado,Cascavel,Televendas,V08,61582.21,8,0.0061980374,Baixo,,,,,
C00879,Cliente Fictício 00879,Padaria,Toledo,Televendas,V01,81531.48,10,0.0061925473,Baixo,,,,,
C02335,Cliente Fictício 02335,Mercearia,Cascavel,Vendedor externo,V04,6633.599999999999,4,0.0061615217,Baixo,,,,,
C01625,Cliente Fictício 01625,Mercearia,Palotina,Vendedor externo,V03,13991.21,13,0.0061408416,Baixo,,,,,
C02258,Cliente Fictício 02258,Restaurante,Palotina,E-commerce B2B,V04,46730.47,2,0.006131559,Baixo,,,,,
C01689,Cliente Fictício 01689,Padaria,Cascavel,Televendas,V05,14790.66,8,0.0061206897,Baixo,,,,,
C00503,Cliente Fictício 00503,Hotel,Cascavel,Vendedor externo,V07,25569.65,18,0.00606339,Baixo,,,,,
C01754,Cliente Fictício 01754,Lanchonete,Toledo,E-commerce B2B,V06,8548.17,14,0.0060530077,Baixo,,,,,
C00583,Cliente Fictício 00583,Supermercado,Foz do Iguaçu,Vendedor externo,V01,106750.44,6,0.0060524773,Baixo,,,,,
C00099,Cliente Fictício 00099,Supermercado,Palotina,Televendas,V06,76323.99,2,0.0060126567,Baixo,,,,,
C00534,Cliente Fictício 00534,Restaurante,Cascavel,Vendedor externo,V06,36962.99,4,0.005965557,Baixo,,,,,
C00351,Cliente Fictício 00351,Padaria,Toledo,E-commerce B2B,V01,19326.27,8,0.005964777,Baixo,,,,,
C00282,Cliente Fictício 00282,Mercearia,Cascavel,Vendedor externo,V01,6407.43,3,0.0059510185,Baixo,,,,,
C01253,Cliente Fictício 01253,Supermercado,Toledo,Vendedor externo,V04,32309.91,14,0.0059249685,Baixo,,,,,
C01160,Cliente Fictício 01160,Restaurante,Cascavel,E-commerce B2B,V08,29832.89,4,0.005911876,Baixo,,,,,
C01512,Cliente Fictício 01512,Mercearia,Cascavel,Vendedor externo,V02,13858.83,6,0.0058830264,Baixo,,,,,
C01494,Cliente Fictício 01494,Restaurante,Cascavel,Vendedor externo,V02,9574.58,22,0.0058686705,Baixo,,,,,
C02061,Cliente Fictício 02061,Hotel,Palotina,Vendedor externo,V05,12369.61,4,0.005805861,Baixo,,,,,
C00640,Cliente Fictício 00640,Lanchonete,Cascavel,Televendas,V04,2682.53,7,0.005797192,Baixo,,,,,
C00009,Cliente Fictício 00009,Supermercado,Toledo,Televendas,V08,109117.35,3,0.0057839933,Baixo,,,,,
C01460,Cliente Fictício 01460,Mercearia,Toledo,Televendas,V06,3446.7200000000003,8,0.0057800408,Baixo,,,,,
C01161,Cliente Fictício 01161,Supermercado,Cascavel,Televendas,V05,16945.25,6,0.0057430565,Baixo,,,,,
C00810,Cliente Fictício 00810,Hotel,Cascavel,Televendas,V08,44732.04,5,0.0057407264,Baixo,,,,,
C00852,Cliente Fictício 00852,Mercearia,Cascavel,E-commerce B2B,V02,6809.58,4,0.005735911,Baixo,,,,,
C01180,Cliente Fictício 01180,Mercearia,Cascavel,Vendedor externo,V01,14564.63,2,0.005732627,Baixo,,,,,
C02202,Cliente Fictício 02202,Hotel,Toledo,Vendedor externo,V05,23540.71,7,0.00570621,Baixo,,,,,
C00404,Cliente Fictício 00404,Supermercado,Palotina,Vendedor externo,V05,23358.14,4,0.0057029184,Baixo,,,,,
C00605,Cliente Fictício 00605,Hotel,Foz do Iguaçu,Vendedor externo,V08,25475.739999999998,2,0.005700218,Baixo,,,,,
C02499,Cliente Fictício 02499,Lanchonete,Cascavel,Televendas,V07,3801.38,15,0.0056974026,Baixo,,,,,
C01587,Cliente Fictício 01587,Mercearia,Toledo,Vendedor externo,V06,11708.3,7,0.0056854812,Baixo,,,,,
C01921,Cliente Fictício 01921,Padaria,Cascavel,Televendas,V01,4104.76,6,0.005639897,Baixo,,,,,
C00220,Cliente Fictício 00220,Mercearia,Toledo,Vendedor externo,V08,8800.41,1,0.005586798,Baixo,,,,,
C01468,Cliente Fictício 01468,Mercearia,Cascavel,Televendas,V05,9787.82,5,0.0055692303,Baixo,,,,,
C00034,Cliente Fictício 00034,Mercearia,Cascavel,Vendedor externo,V07,40927.66,4,0.0055517517,Baixo,,,,,
C01858,Cliente Fictício 01858,Mercearia,Cascavel,Vendedor externo,V08,14257.23,7,0.0055400617,Baixo,,,,,
C01682,Cliente Fictício 01682,Lanchonete,Cascavel,E-commerce B2B,V02,8377.41,5,0.005503584,Baixo,,,,,
C00591,Cliente Fictício 00591,Hotel,Medianeira,Vendedor externo,V02,7055.6,11,0.0054781726,Baixo,,,,,
C02389,Cliente Fictício 02389,Restaurante,Toledo,Vendedor externo,V01,26952.08,7,0.0054552606,Baixo,,,,,
C00631,Cliente Fictício 00631,Hotel,Toledo,Vendedor externo,V05,10519.34,2,0.005386274,Baixo,,,,,
C00901,Cliente Fictício 00901,Padaria,Cascavel,Televendas,V08,38867.07,1,0.005356435,Baixo,,,,,
C00145,Cliente Fictício 00145,Padaria,Cascavel,Vendedor externo,V05,40481.24,2,0.0053479844,Baixo,,,,,
C00207,Cliente Fictício 00207,Supermercado,Medianeira,Vendedor externo,V04,180171.13999999998,3,0.0053377897,Baixo,,,,,
C00231,Cliente Fictício 00231,Supermercado,Cascavel,Televendas,V07,72399.69,1,0.0053039724,Baixo,,,,,
C01477,Cliente Fictício 01477,Padaria,Cascavel,Televendas,V05,8539.41,4,0.0053007333,Baixo,,,,,
C02044,Cliente Fictício 02044,Hotel,Toledo,Vendedor externo,V03,11052.99,12,0.0052845767,Baixo,,,,,
C00724,Cliente Fictício 00724,Hotel,Foz do Iguaçu,E-commerce B2B,V01,36713.68,9,0.0052796807,Baixo,,,,,
C02120,Cliente Fictício 02120,Mercearia,Toledo,Televendas,V07,17268.46,1,0.0052794856,Baixo,,,,,
C01412,Cliente Fictício 01412,Hotel,Toledo,Televendas,V03,25296.92,7,0.0052675293,Baixo,,,,,
C01621,Cliente Fictício 01621,Mercearia,Palotina,Televendas,V07,14359.77,19,0.0052671293,Baixo,,,,,
C00655,Cliente Fictício 00655,Lanchonete,Cascavel,Vendedor externo,V04,1691.24,13,0.0052645914,Baixo,,,,,
C00856,Cliente Fictício 00856,Padaria,Cascavel,Televendas,V04,7501.51,3,0.0052576144,Baixo,,,,,
C01963,Cliente Fictício 01963,Padaria,Cascavel,Televendas,V07,84551.0,5,0.0052228207,Baixo,,,,,
C00963,Cliente Fictício 00963,Supermercado,Cascavel,Vendedor externo,V02,70364.87,8,0.0052212775,Baixo,,,,,
C00470,Cliente Fictício 00470,Padaria,Cascavel,Vendedor externo,V07,3202.35,2,0.005200704,Baixo,,,,,
C02032,Cliente Fictício 02032,Padaria,Cascavel,Vendedor externo,V05,23039.04,5,0.005156569,Baixo,,,,,
C01312,Cliente Fictício 01312,Hotel,Cascavel,Televendas,V08,17705.88,13,0.0050699804,Baixo,,,,,
C01048,Cliente Fictício 01048,Restaurante,Palotina,Vendedor externo,V04,54315.79,6,0.005040244,Baixo,,,,,
C01777,Cliente Fictício 01777,Restaurante,Toledo,Vendedor externo,V05,6635.17,18,0.0050062663,Baixo,,,,,
C01028,Cliente Fictício 01028,Mercearia,Cascavel,Vendedor externo,V03,9469.58,6,0.004949021,Baixo,,,,,
C00377,Cliente Fictício 00377,Hotel,Cascavel,Vendedor externo,V06,6761.85,15,0.0049399,Baixo,,,,,
C01442,Cliente Fictício 01442,Supermercado,Cascavel,E-commerce B2B,V03,69269.48,13,0.0049290503,Baixo,,,,,
C00707,Cliente Fictício 00707,Restaurante,Cascavel,E-commerce B2B,V08,49245.35,6,0.0048925043,Baixo,,,,,
C02380,Cliente Fictício 02380,Restaurante,Cascavel,Vendedor externo,V07,20506.84,6,0.0048712716,Baixo,,,,,
C01323,Cliente Fictício 01323,Supermercado,Toledo,E-commerce B2B,V05,14442.18,3,0.004838912,Baixo,,,,,
C02031,Cliente Fictício 02031,Supermercado,Marechal Cândido Rondon,Vendedor externo,V01,44015.11,1,0.0048296987,Baixo,,,,,
C00763,Cliente Fictício 00763,Supermercado,Cascavel,Televendas,V04,56610.95,5,0.0047876253,Baixo,,,,,
C01202,Cliente Fictício 01202,Padaria,Cascavel,Vendedor externo,V02,40791.41,5,0.0047836825,Baixo,,,,,
C00444,Cliente Fictício 00444,Mercearia,Cascavel,Televendas,V07,12273.11,11,0.004780269,Baixo,,,,,
C01942,Cliente Fictício 01942,Padaria,Cascavel,Vendedor externo,V04,25603.11,16,0.0047578295,Baixo,,,,,
C00599,Cliente Fictício 00599,Hotel,Cascavel,Televendas,V01,89941.07,9,0.004756008,Baixo,,,,,
C00858,Cliente Fictício 00858,Lanchonete,Toledo,Vendedor externo,V01,3282.63,14,0.004678176,Baixo,,,,,
C00127,Cliente Fictício 00127,Mercearia,Foz do Iguaçu,Vendedor externo,V01,16319.83,6,0.004658065,Baixo,,,,,
C01496,Cliente Fictício 01496,Restaurante,Cascavel,Vendedor externo,V01,52062.659999999996,4,0.0046517793,Baixo,,,,,
C00227,Cliente Fictício 00227,Supermercado,Marechal Cândido Rondon,Vendedor externo,V04,101691.77,1,0.004618104,Baixo,,,,,
C00248,Cliente Fictício 00248,Mercearia,Cascavel,Vendedor externo,V02,18145.54,9,0.0046141343,Baixo,,,,,
C00201,Cliente Fictício 00201,Restaurante,Foz do Iguaçu,Vendedor externo,V01,59924.56,4,0.0046134945,Baixo,,,,,
C02355,Cliente Fictício 02355,Mercearia,Cascavel,Vendedor externo,V02,48827.55,1,0.0046068686,Baixo,,,,,
C00043,Cliente Fictício 00043,Restaurante,Cascavel,Vendedor externo,V05,19131.18,4,0.0046050563,Baixo,,,,,
C01001,Cliente Fictício 01001,Supermercado,Toledo,Vendedor externo,V08,186492.56,2,0.0046019014,Baixo,,,,,
C01743,Cliente Fictício 01743,Supermercado,Toledo,Vendedor externo,V04,229458.5,1,0.004595403,Baixo,,,,,
C00309,Cliente Fictício 00309,Mercearia,Cascavel,Vendedor externo,V04,19387.54,6,0.004565323,Baixo,,,,,
C01495,Cliente Fictício 01495,Mercearia,Cascavel,Televendas,V07,6008.22,1,0.0045142756,Baixo,,,,,
C01482,Cliente Fictício 01482,Supermercado,Toledo,Vendedor externo,V01,180462.05,8,0.004504412,Baixo,,,,,
C02266,Cliente Fictício 02266,Supermercado,Cascavel,Vendedor externo,V01,70264.64,8,0.00450258,Baixo,,,,,
C02279,Cliente Fictício 02279,Lanchonete,Cascavel,Televendas,V02,5967.53,2,0.004495349,Baixo,,,,,
C00008,Cliente Fictício 00008,Restaurante,Palotina,Televendas,V04,10319.97,8,0.0044916626,Baixo,,,,,
C01497,Cliente Fictício 01497,Lanchonete,Cascavel,Vendedor externo,V04,2807.92,5,0.0044470243,Baixo,,,,,
C02117,Cliente Fictício 02117,Mercearia,Cascavel,Vendedor externo,V04,23445.58,2,0.0044367,Baixo,,,,,
C01362,Cliente Fictício 01362,Mercearia,Cascavel,Televendas,V03,10688.52,11,0.004427678,Baixo,,,,,
C00734,Cliente Fictício 00734,Mercearia,Cascavel,E-commerce B2B,V01,14078.880000000001,14,0.0044264887,Baixo,,,,,
C01735,Cliente Fictício 01735,Lanchonete,Cascavel,Vendedor externo,V03,3110.18,4,0.0043901745,Baixo,,,,,
C02456,Cliente Fictício 02456,Padaria,Cascavel,Vendedor externo,V03,3490.1,9,0.004383939,Baixo,,,,,
C01384,Cliente Fictício 01384,Hotel,Toledo,Televendas,V07,24266.21,8,0.00435024,Baixo,,,,,
C00499,Cliente Fictício 00499,Mercearia,Palotina,Vendedor externo,V05,4647.49,13,0.004330184,Baixo,,,,,
C02273,Cliente Fictício 02273,Restaurante,Cascavel,Vendedor externo,V06,8141.5199999999995,1,0.00432369,Baixo,,,,,
C02160,Cliente Fictício 02160,Supermercado,Cascavel,Vendedor externo,V02,32207.15,18,0.004316569,Baixo,,,,,
C02265,Cliente Fictício 02265,Padaria,Toledo,Televendas,V04,14624.66,6,0.0043071355,Baixo,,,,,
C02465,Cliente Fictício 02465,Mercearia,Cascavel,E-commerce B2B,V05,17580.54,1,0.004302835,Baixo,,,,,
C02400,Cliente Fictício 02400,Padaria,Marechal Cândido Rondon,Televendas,V01,6546.98,5,0.0042600404,Baixo,,,,,
C01891,Cliente Fictício 01891,Mercearia,Cascavel,Televendas,V07,10912.13,5,0.004252325,Baixo,,,,,
C00131,Cliente Fictício 00131,Supermercado,Cascavel,Vendedor externo,V08,113878.73,2,0.0042451113,Baixo,,,,,
C01025,Cliente Fictício 01025,Restaurante,Toledo,Televendas,V01,55125.3,3,0.0042304965,Baixo,,,,,
C00721,Cliente Fictício 00721,Padaria,Cascavel,Televendas,V07,11886.09,1,0.004219303,Baixo,,,,,
C01845,Cliente Fictício 01845,Supermercado,Marechal Cândido Rondon,Televendas,V05,66404.03,4,0.004192468,Baixo,,,,,
C01248,Cliente Fictício 01248,Mercearia,Medianeira,E-commerce B2B,V02,21457.67,3,0.0041877725,Baixo,,,,,
C00349,Cliente Fictício 00349,Padaria,Marechal Cândido Rondon,Televendas,V03,31031.68,5,0.004184403,Baixo,,,,,
C00007,Cliente Fictício 00007,Restaurante,Palotina,Televendas,V03,12892.54,1,0.0041473424,Baixo,,,,,
C02299,Cliente Fictício 02299,Supermercado,Medianeira,E-commerce B2B,V01,34634.17,2,0.0041323467,Baixo,,,,,
C02074,Cliente Fictício 02074,Lanchonete,Cascavel,Vendedor externo,V01,4368.77,8,0.0040825466,Baixo,,,,,
C01039,Cliente Fictício 01039,Padaria,Cascavel,Vendedor externo,V05,49163.8,5,0.0040758844,Baixo,,,,,
C02317,Cliente Fictício 02317,Supermercado,Cascavel,E-commerce B2B,V01,59220.69,3,0.0040710694,Baixo,,,,,
C02448,Cliente Fictício 02448,Mercearia,Marechal Cândido Rondon,Vendedor externo,V07,9720.06,2,0.004068244,Baixo,,,,,
C00641,Cliente Fictício 00641,Restaurante,Cascavel,Vendedor externo,V06,18424.23,4,0.004055166,Baixo,,,,,
C00381,Cliente Fictício 00381,Padaria,Cascavel,Vendedor externo,V01,21802.88,19,0.004053668,Baixo,,,,,
C01880,Cliente Fictício 01880,Padaria,Cascavel,Vendedor externo,V02,57111.51,1,0.0040519973,Baixo,,,,,
C00833,Cliente Fictício 00833,Mercearia,Cascavel,Vendedor externo,V06,9176.5,15,0.0040476196,Baixo,,,,,
C00350,Cliente Fictício 00350,Supermercado,Cascavel,Vendedor externo,V04,94965.34,1,0.0040359534,Baixo,,,,,
C00006,Cliente Fictício 00006,Hotel,Cascavel,Vendedor externo,V02,24179.74,8,0.004029675,Baixo,,,,,
C01573,Cliente Fictício 01573,Padaria,Toledo,Televendas,V02,9499.52,3,0.0040155286,Baixo,,,,,
C00753,Cliente Fictício 00753,Mercearia,Cascavel,Televendas,V01,11232.11,11,0.004011655,Baixo,,,,,
C00203,Cliente Fictício 00203,Padaria,Toledo,Vendedor externo,V01,48391.23,9,0.0040009795,Baixo,,,,,
C02211,Cliente Fictício 02211,Hotel,Marechal Cândido Rondon,Vendedor externo,V06,48475.18,10,0.0039835847,Baixo,,,,,
C01302,Cliente Fictício 01302,Padaria,Cascavel,Vendedor externo,V05,7151.04,3,0.003983157,Baixo,,,,,
C00489,Cliente Fictício 00489,Padaria,Cascavel,Vendedor externo,V02,86679.18,3,0.0039758505,Baixo,,,,,
C02403,Cliente Fictício 02403,Restaurante,Cascavel,Vendedor externo,V02,14623.75,1,0.0039734305,Baixo,,,,,
C02297,Cliente Fictício 02297,Restaurante,Cascavel,Televendas,V04,15288.06,2,0.0039682966,Baixo,,,,,
C01879,Cliente Fictício 01879,Padaria,Medianeira,Televendas,V02,20814.42,9,0.0039604264,Baixo,,,,,
C01417,Cliente Fictício 01417,Padaria,Toledo,Vendedor externo,V07,4612.37,14,0.003940253,Baixo,,,,,
C00022,Cliente Fictício 00022,Mercearia,Foz do Iguaçu,Televendas,V05,33585.33,1,0.0039260928,Baixo,,,,,
C00234,Cliente Fictício 00234,Padaria,Cascavel,Vendedor externo,V03,21409.72,4,0.0039057937,Baixo,,,,,
C02038,Cliente Fictício 02038,Supermercado,Medianeira,Televendas,V05,34430.96,1,0.0038951666,Baixo,,,,,
C01117,Cliente Fictício 01117,Supermercado,Cascavel,Vendedor externo,V08,36935.21,1,0.0038793692,Baixo,,,,,
C01793,Cliente Fictício 01793,Mercearia,Cascavel,Televendas,V06,12184.960000000001,5,0.003847011,Baixo,,,,,
C00115,Cliente Fictício 00115,Supermercado,Cascavel,Vendedor externo,V05,27633.07,16,0.0038423028,Baixo,,,,,
C00633,Cliente Fictício 00633,Supermercado,Cascavel,Vendedor externo,V01,125189.79,4,0.003838009,Baixo,,,,,
C01775,Cliente Fictício 01775,Restaurante,Cascavel,Vendedor externo,V03,14542.35,21,0.003832143,Baixo,,,,,
C01752,Cliente Fictício 01752,Mercearia,Cascavel,Vendedor externo,V05,7706.11,2,0.0038206105,Baixo,,,,,
C01701,Cliente Fictício 01701,Lanchonete,Cascavel,Vendedor externo,V06,9918.83,10,0.003815817,Baixo,,,,,
C02057,Cliente Fictício 02057,Hotel,Marechal Cândido Rondon,E-commerce B2B,V08,41706.91,5,0.0037911767,Baixo,,,,,
C02234,Cliente Fictício 02234,Hotel,Cascavel,Vendedor externo,V05,62968.64,9,0.0037789964,Baixo,,,,,
C00964,Cliente Fictício 00964,Supermercado,Cascavel,Vendedor externo,V08,193009.19,5,0.0037490344,Baixo,,,,,
C02179,Cliente Fictício 02179,Mercearia,Cascavel,E-commerce B2B,V08,27398.89,1,0.0037455736,Baixo,,,,,
C01655,Cliente Fictício 01655,Hotel,Foz do Iguaçu,Vendedor externo,V01,16325.82,1,0.0037343926,Baixo,,,,,
C00273,Cliente Fictício 00273,Supermercado,Medianeira,Televendas,V06,32014.27,3,0.003725675,Baixo,,,,,
C01698,Cliente Fictício 01698,Restaurante,Medianeira,Vendedor externo,V01,80043.59,4,0.003683129,Baixo,,,,,
C00937,Cliente Fictício 00937,Hotel,Cascavel,Vendedor externo,V07,17906.35,4,0.0036804178,Baixo,,,,,
C02148,Cliente Fictício 02148,Hotel,Cascavel,Televendas,V04,21024.6,13,0.003671323,Baixo,,,,,
C01765,Cliente Fictício 01765,Supermercado,Foz do Iguaçu,Vendedor externo,V03,103620.70999999999,3,0.0036674666,Baixo,,,,,
C01751,Cliente Fictício 01751,Restaurante,Cascavel,Vendedor externo,V05,22605.73,7,0.0036445428,Baixo,,,,,
C02112,Cliente Fictício 02112,Padaria,Cascavel,Televendas,V02,23550.31,7,0.003631417,Baixo,,,,,
C00347,Cliente Fictício 00347,Hotel,Cascavel,Televendas,V05,87762.83,2,0.0036284714,Baixo,,,,,
C01885,Cliente Fictício 01885,Mercearia,Medianeira,E-commerce B2B,V01,36885.99,7,0.003616192,Baixo,,,,,
C00399,Cliente Fictício 00399,Padaria,Foz do Iguaçu,Televendas,V02,3582.91,6,0.0035995354,Baixo,,,,,
C00607,Cliente Fictício 00607,Lanchonete,Cascavel,Vendedor externo,V06,7256.07,1,0.0035392025,Baixo,,,,,
C02051,Cliente Fictício 02051,Hotel,Cascavel,E-commerce B2B,V01,17127.18,18,0.003538096,Baixo,,,,,
C01445,Cliente Fictício 01445,Mercearia,Cascavel,Vendedor externo,V03,5475.43,21,0.003533852,Baixo,,,,,
C00663,Cliente Fictício 00663,Mercearia,Cascavel,Vendedor externo,V04,14036.99,1,0.0035332344,Baixo,,,,,
C00508,Cliente Fictício 00508,Lanchonete,Cascavel,Vendedor externo,V07,11438.98,2,0.003529588,Baixo,,,,,
C01316,Cliente Fictício 01316,Restaurante,Toledo,Vendedor externo,V02,19414.8,16,0.003527779,Baixo,,,,,
C02461,Cliente Fictício 02461,Lanchonete,Cascavel,Vendedor externo,V01,1013.11,9,0.003512271,Baixo,,,,,
C01136,Cliente Fictício 01136,Mercearia,Cascavel,Vendedor externo,V04,23060.42,4,0.003455615,Baixo,,,,,
C01918,Cliente Fictício 01918,Restaurante,Cascavel,Televendas,V06,8114.12,3,0.0034333887,Baixo,,,,,
C00221,Cliente Fictício 00221,Mercearia,Toledo,Vendedor externo,V04,18428.73,10,0.0034290876,Baixo,,,,,
C00105,Cliente Fictício 00105,Restaurante,Cascavel,Televendas,V06,13901.39,5,0.0034161943,Baixo,,,,,
C02039,Cliente Fictício 02039,Padaria,Cascavel,E-commerce B2B,V01,6371.5199999999995,1,0.0034120441,Baixo,,,,,
C02358,Cliente Fictício 02358,Padaria,Foz do Iguaçu,Vendedor externo,V07,8553.82,7,0.0034073098,Baixo,,,,,
C00117,Cliente Fictício 00117,Restaurante,Cascavel,Televendas,V05,34729.72,1,0.0033997674,Baixo,,,,,
C02314,Cliente Fictício 02314,Mercearia,Palotina,Televendas,V02,3400.89,8,0.0033863715,Baixo,,,,,
C02098,Cliente Fictício 02098,Padaria,Cascavel,Vendedor externo,V06,15644.55,1,0.0033583047,Baixo,,,,,
C01459,Cliente Fictício 01459,Hotel,Cascavel,Vendedor externo,V04,36067.869999999995,10,0.003345321,Baixo,,,,,
C00709,Cliente Fictício 00709,Padaria,Cascavel,Vendedor externo,V01,4519.47,6,0.00334298,Baixo,,,,,
C00924,Cliente Fictício 00924,Padaria,Toledo,Vendedor externo,V03,38654.97,1,0.0033024002,Baixo,,,,,
C02466,Cliente Fictício 02466,Restaurante,Cascavel,Vendedor externo,V04,7999.7699999999995,8,0.0032921517,Baixo,,,,,
C00676,Cliente Fictício 00676,Mercearia,Cascavel,E-commerce B2B,V06,34166.4,5,0.003279661,Baixo,,,,,
C01040,Cliente Fictício 01040,Supermercado,Cascavel,Vendedor externo,V06,52485.21,1,0.003265436,Baixo,,,,,
C02159,Cliente Fictício 02159,Mercearia,Foz do Iguaçu,Vendedor externo,V01,3121.96,13,0.0032555042,Baixo,,,,,
C02168,Cliente Fictício 02168,Mercearia,Cascavel,Vendedor externo,V01,10674.94,6,0.0032064877,Baixo,,,,,
C01720,Cliente Fictício 01720,Lanchonete,Foz do Iguaçu,Vendedor externo,V02,7438.64,14,0.0031864962,Baixo,,,,,
C00369,Cliente Fictício 00369,Mercearia,Palotina,Televendas,V07,25671.86,9,0.0031737327,Baixo,,,,,
C01003,Cliente Fictício 01003,Supermercado,Cascavel,Televendas,V01,23237.02,14,0.0031595808,Baixo,,,,,
C01489,Cliente Fictício 01489,Lanchonete,Palotina,Vendedor externo,V01,5153.29,8,0.00315176,Baixo,,,,,
C00765,Cliente Fictício 00765,Lanchonete,Cascavel,Vendedor externo,V01,1935.46,17,0.0031198468,Baixo,,,,,
C01360,Cliente Fictício 01360,Supermercado,Cascavel,Vendedor externo,V04,93690.24,7,0.0031196703,Baixo,,,,,
C02309,Cliente Fictício 02309,Padaria,Toledo,Vendedor externo,V02,20430.16,3,0.003114502,Baixo,,,,,
C00438,Cliente Fictício 00438,Padaria,Cascavel,Vendedor externo,V07,46586.01,4,0.0031038357,Baixo,,,,,
C00356,Cliente Fictício 00356,Padaria,Palotina,E-commerce B2B,V08,52859.53,2,0.003100226,Baixo,,,,,
C01045,Cliente Fictício 01045,Supermercado,Cascavel,Vendedor externo,V03,125400.45,10,0.0030995496,Baixo,,,,,
C00915,Cliente Fictício 00915,Hotel,Cascavel,Vendedor externo,V04,28376.12,21,0.0030979647,Baixo,,,,,
C01591,Cliente Fictício 01591,Mercearia,Cascavel,Vendedor externo,V07,14985.53,4,0.003094569,Baixo,,,,,
C01634,Cliente Fictício 01634,Restaurante,Toledo,Televendas,V08,36088.72,1,0.0030925954,Baixo,,,,,
C02099,Cliente Fictício 02099,Supermercado,Cascavel,Vendedor externo,V06,24553.21,13,0.003082952,Baixo,,,,,
C02166,Cliente Fictício 02166,Mercearia,Toledo,Vendedor externo,V05,15567.789999999999,6,0.0030815715,Baixo,,,,,
C00302,Cliente Fictício 00302,Supermercado,Toledo,Televendas,V07,76894.14,1,0.0030729221,Baixo,,,,,
C00075,Cliente Fictício 00075,Supermercado,Toledo,E-commerce B2B,V03,72250.39,2,0.0030714837,Baixo,,,,,
C01636,Cliente Fictício 01636,Mercearia,Cascavel,Vendedor externo,V07,12237.07,12,0.0030669912,Baixo,,,,,
C00261,Cliente Fictício 00261,Supermercado,Foz do Iguaçu,Televendas,V04,43049.25,9,0.0030660625,Baixo,,,,,
C01867,Cliente Fictício 01867,Hotel,Toledo,Vendedor externo,V04,32722.32,2,0.003051783,Baixo,,,,,
C00969,Cliente Fictício 00969,Padaria,Cascavel,Televendas,V05,36427.06,4,0.0030454772,Baixo,,,,,
C00751,Cliente Fictício 00751,Mercearia,Palotina,Vendedor externo,V08,22699.05,4,0.0030430327,Baixo,,,,,
C01506,Cliente Fictício 01506,Padaria,Cascavel,Vendedor externo,V06,9186.779999999999,5,0.0030304056,Baixo,,,,,
C02192,Cliente Fictício 02192,Padaria,Cascavel,Vendedor externo,V07,5937.6,2,0.0030279788,Baixo,,,,,
C01688,Cliente Fictício 01688,Padaria,Cascavel,E-commerce B2B,V03,38325.6,6,0.0030132486,Baixo,,,,,
C01179,Cliente Fictício 01179,Mercearia,Cascavel,Vendedor externo,V02,15546.08,4,0.0029671283,Baixo,,,,,
C00779,Cliente Fictício 00779,Restaurante,Cascavel,Televendas,V04,16929.52,1,0.0029294728,Baixo,,,,,
C01680,Cliente Fictício 01680,Padaria,Medianeira,Vendedor externo,V06,48177.01,2,0.002918159,Baixo,,,,,
C00885,Cliente Fictício 00885,Mercearia,Cascavel,Vendedor externo,V01,18262.81,1,0.002913613,Baixo,,,,,
C02322,Cliente Fictício 02322,Supermercado,Cascavel,Vendedor externo,V03,162638.81,7,0.0029102599,Baixo,,,,,
C00550,Cliente Fictício 00550,Padaria,Cascavel,Vendedor externo,V06,5571.68,13,0.0029058491,Baixo,,,,,
C02497,Cliente Fictício 02497,Padaria,Cascavel,Vendedor externo,V01,10268.2,1,0.0029058272,Baixo,,,,,
C01900,Cliente Fictício 01900,Supermercado,Marechal Cândido Rondon,E-commerce B2B,V07,53283.56,9,0.0028948258,Baixo,,,,,
C01418,Cliente Fictício 01418,Padaria,Toledo,Vendedor externo,V06,20413.57,3,0.0028811123,Baixo,,,,,
C01284,Cliente Fictício 01284,Restaurante,Cascavel,Vendedor externo,V03,5145.71,4,0.0028664854,Baixo,,,,,
C00851,Cliente Fictício 00851,Supermercado,Cascavel,E-commerce B2B,V01,72179.63,17,0.0028396188,Baixo,,,,,
C01736,Cliente Fictício 01736,Restaurante,Cascavel,E-commerce B2B,V07,36941.02,2,0.0028283144,Baixo,,,,,
C01822,Cliente Fictício 01822,Padaria,Toledo,E-commerce B2B,V06,4661.92,7,0.002826243,Baixo,,,,,
C02396,Cliente Fictício 02396,Hotel,Toledo,E-commerce B2B,V03,26079.36,9,0.0028227738,Baixo,,,,,
C01596,Cliente Fictício 01596,Restaurante,Cascavel,Vendedor externo,V03,36643.99,2,0.0028198548,Baixo,,,,,
C01881,Cliente Fictício 01881,Padaria,Toledo,Vendedor externo,V06,16676.97,2,0.002810224,Baixo,,,,,
C01697,Cliente Fictício 01697,Mercearia,Cascavel,Vendedor externo,V02,52829.18,4,0.0027797562,Baixo,,,,,
C01297,Cliente Fictício 01297,Supermercado,Foz do Iguaçu,Televendas,V02,36196.84,6,0.0027531362,Baixo,,,,,
C00898,Cliente Fictício 00898,Mercearia,Cascavel,Televendas,V03,9996.27,5,0.0027518128,Baixo,,,,,
C01804,Cliente Fictício 01804,Restaurante,Cascavel,Vendedor externo,V02,14285.23,6,0.0027502703,Baixo,,,,,
C01967,Cliente Fictício 01967,Restaurante,Cascavel,Vendedor externo,V07,5668.47,6,0.0027459867,Baixo,,,,,
C00788,Cliente Fictício 00788,Mercearia,Toledo,Televendas,V02,22945.43,2,0.0027203152,Baixo,,,,,
C01931,Cliente Fictício 01931,Restaurante,Cascavel,Vendedor externo,V05,43031.8,6,0.0027195339,Baixo,,,,,
C00939,Cliente Fictício 00939,Lanchonete,Cascavel,Televendas,V04,2188.7200000000003,13,0.0027167883,Baixo,,,,,
C01897,Cliente Fictício 01897,Restaurante,Cascavel,E-commerce B2B,V03,15457.43,4,0.002714699,Baixo,,,,,
C01997,Cliente Fictício 01997,Mercearia,Toledo,Televendas,V01,23547.14,4,0.0027107566,Baixo,,,,,
C01508,Cliente Fictício 01508,Padaria,Cascavel,Vendedor externo,V07,29411.23,8,0.0026689642,Baixo,,,,,
C01536,Cliente Fictício 01536,Padaria,Toledo,Vendedor externo,V02,14229.630000000001,6,0.0026679388,Baixo,,,,,
C00680,Cliente Fictício 00680,Mercearia,Toledo,Vendedor externo,V03,12823.94,4,0.0026656685,Baixo,,,,,
C02245,Cliente Fictício 02245,Mercearia,Cascavel,Vendedor externo,V02,26273.68,4,0.0026629292,Baixo,,,,,
C00785,Cliente Fictício 00785,Hotel,Cascavel,Vendedor externo,V04,29199.300000000003,3,0.002657512,Baixo,,,,,
C00896,Cliente Fictício 00896,Lanchonete,Palotina,Televendas,V04,7999.21,16,0.0026518737,Baixo,,,,,
C00049,Cliente Fictício 00049,Restaurante,Cascavel,Vendedor externo,V03,15670.56,18,0.0026411354,Baixo,,,,,
C02131,Cliente Fictício 02131,Mercearia,Cascavel,Vendedor externo,V04,17093.420000000002,2,0.0026396888,Baixo,,,,,
C02408,Cliente Fictício 02408,Mercearia,Cascavel,Televendas,V03,26136.67,2,0.0026371088,Baixo,,,,,
C00890,Cliente Fictício 00890,Restaurante,Cascavel,Vendedor externo,V05,24846.68,1,0.0026009479,Baixo,,,,,
C00671,Cliente Fictício 00671,Supermercado,Palotina,Televendas,V04,32357.81,6,0.0025967949,Baixo,,,,,
C00216,Cliente Fictício 00216,Restaurante,Cascavel,Vendedor externo,V01,73519.39,1,0.002596239,Baixo,,,,,
C00866,Cliente Fictício 00866,Lanchonete,Cascavel,Vendedor externo,V01,11952.68,1,0.002596118,Baixo,,,,,
C01693,Cliente Fictício 01693,Mercearia,Toledo,E-commerce B2B,V03,15839.73,2,0.0025952612,Baixo,,,,,
C00841,Cliente Fictício 00841,Supermercado,Cascavel,Vendedor externo,V05,98003.28,2,0.0025915413,Baixo,,,,,
C00417,Cliente Fictício 00417,Supermercado,Cascavel,Vendedor externo,V05,68890.65,2,0.002578324,Baixo,,,,,
C01156,Cliente Fictício 01156,Supermercado,Cascavel,Vendedor externo,V02,54582.21,1,0.0025709218,Baixo,,,,,
C01078,Cliente Fictício 01078,Padaria,Cascavel,Vendedor externo,V01,6252.77,3,0.0025440715,Baixo,,,,,
C00057,Cliente Fictício 00057,Padaria,Cascavel,Vendedor externo,V06,6105.0599999999995,5,0.0025434424,Baixo,,,,,
C00832,Cliente Fictício 00832,Padaria,Cascavel,Vendedor externo,V08,66625.41,2,0.0025409868,Baixo,,,,,
C01398,Cliente Fictício 01398,Lanchonete,Toledo,Vendedor externo,V04,6457.2300000000005,2,0.002540949,Baixo,,,,,
C00684,Cliente Fictício 00684,Padaria,Cascavel,Televendas,V03,29635.03,18,0.0025395404,Baixo,,,,,
C01852,Cliente Fictício 01852,Lanchonete,Cascavel,Vendedor externo,V05,17759.22,5,0.0025104221,Baixo,,,,,
C02072,Cliente Fictício 02072,Padaria,Medianeira,Vendedor externo,V02,43370.69,2,0.002496255,Baixo,,,,,
C00353,Cliente Fictício 00353,Padaria,Marechal Cândido Rondon,Televendas,V03,14672.53,5,0.0024941377,Baixo,,,,,
C00493,Cliente Fictício 00493,Restaurante,Cascavel,Vendedor externo,V01,43375.44,2,0.002492424,Baixo,,,,,
C01030,Cliente Fictício 01030,Mercearia,Toledo,Vendedor externo,V01,19082.71,18,0.0024789185,Baixo,,,,,
C02060,Cliente Fictício 02060,Supermercado,Foz do Iguaçu,Vendedor externo,V03,159695.88999999998,3,0.0024746258,Baixo,,,,,
C01708,Cliente Fictício 01708,Mercearia,Cascavel,Vendedor externo,V02,9971.41,1,0.0024605526,Baixo,,,,,
C02241,Cliente Fictício 02241,Mercearia,Cascavel,Televendas,V01,16934.06,4,0.00246043,Baixo,,,,,
C00054,Cliente Fictício 00054,Restaurante,Palotina,Vendedor externo,V07,24020.2,9,0.0024593803,Baixo,,,,,
C01141,Cliente Fictício 01141,Mercearia,Cascavel,Vendedor externo,V01,8267.81,14,0.002458674,Baixo,,,,,
C01436,Cliente Fictício 01436,Hotel,Cascavel,Vendedor externo,V05,35996.01,1,0.00242093,Baixo,,,,,
C01408,Cliente Fictício 01408,Supermercado,Medianeira,Vendedor externo,V05,61129.11,2,0.002419407,Baixo,,,,,
C00348,Cliente Fictício 00348,Mercearia,Cascavel,Televendas,V04,13894.55,2,0.0024028681,Baixo,,,,,
C01107,Cliente Fictício 01107,Supermercado,Cascavel,E-commerce B2B,V07,33727.71,9,0.0024026828,Baixo,,,,,
C00046,Cliente Fictício 00046,Lanchonete,Cascavel,E-commerce B2B,V04,6088.62,3,0.0023976157,Baixo,,,,,
C01268,Cliente Fictício 01268,Hotel,Cascavel,Televendas,V07,17862.86,4,0.0023849686,Baixo,,,,,
C01703,Cliente Fictício 01703,Mercearia,Cascavel,E-commerce B2B,V04,2514.32,3,0.0023846976,Baixo,,,,,
C00067,Cliente Fictício 00067,Padaria,Cascavel,Televendas,V06,7038.639999999999,1,0.0023810577,Baixo,,,,,
C01336,Cliente Fictício 01336,Lanchonete,Toledo,Vendedor externo,V08,10110.28,20,0.0023617798,Baixo,,,,,
C02105,Cliente Fictício 02105,Padaria,Foz do Iguaçu,Vendedor externo,V03,12029.0,6,0.0023482274,Baixo,,,,,
C01394,Cliente Fictício 01394,Supermercado,Toledo,Vendedor externo,V05,138851.75,3,0.0023326469,Baixo,,,,,
C02346,Cliente Fictício 02346,Supermercado,Cascavel,Vendedor externo,V08,31708.44,1,0.002312547,Baixo,,,,,
C02292,Cliente Fictício 02292,Restaurante,Cascavel,Vendedor externo,V04,66293.3,6,0.0023020392,Baixo,,,,,
C02136,Cliente Fictício 02136,Padaria,Cascavel,Televendas,V04,48806.81,7,0.002290101,Baixo,,,,,
C00209,Cliente Fictício 00209,Supermercado,Cascavel,Vendedor externo,V04,38407.82,5,0.002283772,Baixo,,,,,
C01155,Cliente Fictício 01155,Padaria,Cascavel,Vendedor externo,V07,7481.49,6,0.0022764045,Baixo,,,,,
C01958,Cliente Fictício 01958,Supermercado,Foz do Iguaçu,Televendas,V03,90929.4,3,0.002241976,Baixo,,,,,
C01617,Cliente Fictício 01617,Supermercado,Foz do Iguaçu,Vendedor externo,V06,76740.94,3,0.002240994,Baixo,,,,,
C01414,Cliente Fictício 01414,Hotel,Toledo,E-commerce B2B,V04,10284.09,16,0.0022371174,Baixo,,,,,
C00908,Cliente Fictício 00908,Supermercado,Cascavel,Televendas,V01,33342.08,15,0.002236859,Baixo,,,,,
C01499,Cliente Fictício 01499,Mercearia,Cascavel,Vendedor externo,V01,10118.289999999999,5,0.0022302459,Baixo,,,,,
C02436,Cliente Fictício 02436,Hotel,Cascavel,Vendedor externo,V01,28167.25,2,0.0022089288,Baixo,,,,,
C01168,Cliente Fictício 01168,Padaria,Cascavel,Vendedor externo,V05,18579.85,6,0.0021997218,Baixo,,,,,
C01626,Cliente Fictício 01626,Restaurante,Cascavel,E-commerce B2B,V01,11246.24,2,0.0021791137,Baixo,,,,,
C01185,Cliente Fictício 01185,Supermercado,Cascavel,Vendedor externo,V01,59952.92,1,0.0021623836,Baixo,,,,,
C00038,Cliente Fictício 00038,Padaria,Cascavel,Vendedor externo,V03,12147.72,9,0.0021551843,Baixo,,,,,
C00303,Cliente Fictício 00303,Padaria,Cascavel,Televendas,V07,7599.92,3,0.0021361245,Baixo,,,,,
C00850,Cliente Fictício 00850,Hotel,Toledo,Televendas,V07,15596.76,9,0.0021291757,Baixo,,,,,
C01184,Cliente Fictício 01184,Supermercado,Toledo,Televendas,V01,43292.54,3,0.0021276907,Baixo,,,,,
C00300,Cliente Fictício 00300,Restaurante,Marechal Cândido Rondon,Vendedor externo,V06,54997.7,3,0.0021260676,Baixo,,,,,
C01972,Cliente Fictício 01972,Hotel,Cascavel,Vendedor externo,V07,24420.79,5,0.0021171607,Baixo,,,,,
C02343,Cliente Fictício 02343,Restaurante,Cascavel,E-commerce B2B,V01,24702.57,8,0.0021155635,Baixo,,,,,
C00243,Cliente Fictício 00243,Mercearia,Cascavel,Vendedor externo,V03,7558.44,3,0.0021116934,Baixo,,,,,
C01101,Cliente Fictício 01101,Supermercado,Cascavel,Televendas,V08,63003.3,10,0.0021005655,Baixo,,,,,
C00990,Cliente Fictício 00990,Restaurante,Toledo,Vendedor externo,V01,30802.47,8,0.0020971568,Baixo,,,,,
C01070,Cliente Fictício 01070,Mercearia,Cascavel,Vendedor externo,V01,8967.81,5,0.0020867176,Baixo,,,,,
C02333,Cliente Fictício 02333,Lanchonete,Foz do Iguaçu,Vendedor externo,V04,8125.69,7,0.0020815341,Baixo,,,,,
C00391,Cliente Fictício 00391,Restaurante,Cascavel,Televendas,V03,72218.17,3,0.0020793937,Baixo,,,,,
C02345,Cliente Fictício 02345,Restaurante,Toledo,Vendedor externo,V05,27566.079999999998,1,0.002076634,Baixo,,,,,
C02169,Cliente Fictício 02169,Mercearia,Medianeira,Vendedor externo,V05,26664.61,2,0.0020232045,Baixo,,,,,
C02199,Cliente Fictício 02199,Mercearia,Toledo,Televendas,V01,8832.84,4,0.0020170107,Baixo,,,,,
C02433,Cliente Fictício 02433,Padaria,Marechal Cândido Rondon,Televendas,V03,16416.12,2,0.0020137785,Baixo,,,,,
C00820,Cliente Fictício 00820,Mercearia,Cascavel,Vendedor externo,V03,19344.89,1,0.002007972,Baixo,,,,,
C02052,Cliente Fictício 02052,Supermercado,Foz do Iguaçu,Vendedor externo,V07,84364.17,2,0.0019706122,Baixo,,,,,
C00279,Cliente Fictício 00279,Lanchonete,Cascavel,Vendedor externo,V04,7652.02,5,0.0019607216,Baixo,,,,,
C00194,Cliente Fictício 00194,Lanchonete,Palotina,Televendas,V03,13915.83,17,0.0019576186,Baixo,,,,,
C01977,Cliente Fictício 01977,Padaria,Toledo,Televendas,V03,18960.82,1,0.001955451,Baixo,,,,,
C01951,Cliente Fictício 01951,Hotel,Medianeira,Televendas,V04,37393.87,2,0.0019551022,Baixo,,,,,
C01063,Cliente Fictício 01063,Mercearia,Medianeira,Vendedor externo,V06,33889.41,3,0.0019533453,Baixo,,,,,
C02127,Cliente Fictício 02127,Mercearia,Medianeira,Vendedor externo,V02,25216.75,2,0.0019461523,Baixo,,,,,
C01567,Cliente Fictício 01567,Supermercado,Cascavel,Televendas,V01,28910.55,10,0.0019338976,Baixo,,,,,
C00017,Cliente Fictício 00017,Padaria,Cascavel,Vendedor externo,V06,4653.5199999999995,11,0.0019257831,Baixo,,,,,
C00236,Cliente Fictício 00236,Lanchonete,Toledo,Televendas,V06,12728.550000000001,1,0.0019249832,Baixo,,,,,
C02337,Cliente Fictício 02337,Lanchonete,Cascavel,Televendas,V03,9355.92,1,0.0019103704,Baixo,,,,,
C00693,Cliente Fictício 00693,Mercearia,Toledo,Vendedor externo,V01,40273.81,4,0.0018982693,Baixo,,,,,
C02315,Cliente Fictício 02315,Mercearia,Toledo,Vendedor externo,V06,8116.7699999999995,5,0.0018915001,Baixo,,,,,
C01517,Cliente Fictício 01517,Supermercado,Cascavel,Televendas,V06,132289.16999999998,3,0.0018871964,Baixo,,,,,
C02209,Cliente Fictício 02209,Supermercado,Cascavel,Vendedor externo,V04,66923.3,4,0.0018866864,Baixo,,,,,
C01493,Cliente Fictício 01493,Restaurante,Cascavel,Televendas,V04,18912.0,15,0.0018728782,Baixo,,,,,
C01980,Cliente Fictício 01980,Mercearia,Palotina,Televendas,V06,20793.41,5,0.001869381,Baixo,,,,,
C00442,Cliente Fictício 00442,Supermercado,Cascavel,Televendas,V02,39948.17,2,0.0018627599,Baixo,,,,,
C00542,Cliente Fictício 00542,Padaria,Palotina,Vendedor externo,V01,21513.19,3,0.0018498077,Baixo,,,,,
C00942,Cliente Fictício 00942,Lanchonete,Cascavel,Televendas,V06,6630.92,13,0.0018443036,Baixo,,,,,
C02022,Cliente Fictício 02022,Supermercado,Toledo,E-commerce B2B,V03,36456.02,3,0.0018413435,Baixo,,,,,
C02149,Cliente Fictício 02149,Restaurante,Cascavel,Televendas,V04,38575.48,1,0.00183207,Baixo,,,,,
C01565,Cliente Fictício 01565,Restaurante,Cascavel,Vendedor externo,V04,9687.27,17,0.001821249,Baixo,,,,,
C01949,Cliente Fictício 01949,Supermercado,Toledo,Televendas,V02,105849.0,1,0.0018141045,Baixo,,,,,
C02239,Cliente Fictício 02239,Mercearia,Cascavel,Vendedor externo,V07,13860.18,12,0.0018041271,Baixo,,,,,
C01651,Cliente Fictício 01651,Mercearia,Cascavel,Televendas,V07,15510.38,9,0.0017657393,Baixo,,,,,
C02264,Cliente Fictício 02264,Supermercado,Toledo,Vendedor externo,V05,18557.49,9,0.0017542737,Baixo,,,,,
C00298,Cliente Fictício 00298,Lanchonete,Cascavel,Vendedor externo,V03,1492.92,10,0.0017358102,Baixo,,,,,
C00800,Cliente Fictício 00800,Restaurante,Cascavel,Vendedor externo,V03,29372.440000000002,9,0.0017314266,Baixo,,,,,
C01882,Cliente Fictício 01882,Restaurante,Cascavel,Televendas,V07,22994.21,4,0.001717647,Baixo,,,,,
C01595,Cliente Fictício 01595,Lanchonete,Cascavel,E-commerce B2B,V01,21724.420000000002,1,0.0017168942,Baixo,,,,,
C01690,Cliente Fictício 01690,Mercearia,Toledo,Vendedor externo,V07,8035.75,3,0.0017067135,Baixo,,,,,
C01289,Cliente Fictício 01289,Padaria,Cascavel,Vendedor externo,V07,25636.82,1,0.0016896719,Baixo,,,,,
C00658,Cliente Fictício 00658,Mercearia,Cascavel,Televendas,V07,12580.75,2,0.001676563,Baixo,,,,,
C01892,Cliente Fictício 01892,Restaurante,Marechal Cândido Rondon,Vendedor externo,V01,22532.25,3,0.0016722224,Baixo,,,,,
C01620,Cliente Fictício 01620,Supermercado,Toledo,Vendedor externo,V08,36307.96,3,0.0016654053,Baixo,,,,,
C02366,Cliente Fictício 02366,Restaurante,Cascavel,Vendedor externo,V07,45031.51,1,0.0016599067,Baixo,,,,,
C01718,Cliente Fictício 01718,Padaria,Cascavel,Televendas,V08,15006.13,2,0.0016484201,Baixo,,,,,
C02040,Cliente Fictício 02040,Restaurante,Cascavel,E-commerce B2B,V01,19392.670000000002,1,0.0016442029,Baixo,,,,,
C00162,Cliente Fictício 00162,Lanchonete,Toledo,E-commerce B2B,V03,12824.04,2,0.0016416314,Baixo,,,,,
C00865,Cliente Fictício 00865,Supermercado,Cascavel,Televendas,V07,95012.48999999999,3,0.001615306,Baixo,,,,,
C01139,Cliente Fictício 01139,Supermercado,Marechal Cândido Rondon,Vendedor externo,V03,43853.24,1,0.0016142105,Baixo,,,,,
C00018,Cliente Fictício 00018,Supermercado,Cascavel,Vendedor externo,V05,34370.53,9,0.0016116367,Baixo,,,,,
C00872,Cliente Fictício 00872,Supermercado,Cascavel,Vendedor externo,V03,28032.2,11,0.001599156,Baixo,,,,,
C00098,Cliente Fictício 00098,Supermercado,Toledo,Televendas,V01,28037.66,3,0.0015979353,Baixo,,,,,
C00338,Cliente Fictício 00338,Restaurante,Cascavel,Televendas,V06,29774.280000000002,15,0.0015961827,Baixo,,,,,
C02423,Cliente Fictício 02423,Restaurante,Cascavel,Vendedor externo,V04,18029.94,4,0.0015940315,Baixo,,,,,
C00815,Cliente Fictício 00815,Supermercado,Cascavel,Vendedor externo,V08,21359.89,7,0.0015940298,Baixo,,,,,
C01695,Cliente Fictício 01695,Restaurante,Cascavel,Vendedor externo,V06,11580.95,2,0.0015937386,Baixo,,,,,
C00959,Cliente Fictício 00959,Padaria,Cascavel,Televendas,V04,14105.81,1,0.0015931505,Baixo,,,,,
C00843,Cliente Fictício 00843,Padaria,Cascavel,Vendedor externo,V06,31789.2,7,0.0015787776,Baixo,,,,,
C01741,Cliente Fictício 01741,Mercearia,Marechal Cândido Rondon,Televendas,V03,6929.09,21,0.0015767472,Baixo,,,,,
C00321,Cliente Fictício 00321,Lanchonete,Cascavel,Vendedor externo,V07,13939.69,5,0.0015578053,Baixo,,,,,
C00297,Cliente Fictício 00297,Hotel,Foz do Iguaçu,E-commerce B2B,V08,30479.23,8,0.0015529098,Baixo,,,,,
C00541,Cliente Fictício 00541,Hotel,Cascavel,E-commerce B2B,V04,41978.13,1,0.0015371375,Baixo,,,,,
C01995,Cliente Fictício 01995,Padaria,Cascavel,Televendas,V02,7045.16,6,0.0015334483,Baixo,,,,,
C00050,Cliente Fictício 00050,Supermercado,Cascavel,E-commerce B2B,V02,80580.63,3,0.0015267129,Baixo,,,,,
C02290,Cliente Fictício 02290,Mercearia,Foz do Iguaçu,Vendedor externo,V03,8848.9,2,0.0015266787,Baixo,,,,,
C00642,Cliente Fictício 00642,Lanchonete,Cascavel,Televendas,V06,7997.95,16,0.0015258663,Baixo,,,,,
C00586,Cliente Fictício 00586,Restaurante,Cascavel,E-commerce B2B,V02,57352.76,3,0.0015062927,Baixo,,,,,
C00235,Cliente Fictício 00235,Hotel,Cascavel,Televendas,V05,23053.03,5,0.001499802,Baixo,,,,,
C02270,Cliente Fictício 02270,Lanchonete,Foz do Iguaçu,Vendedor externo,V01,1476.29,2,0.0014638667,Baixo,,,,,
C01872,Cliente Fictício 01872,Padaria,Cascavel,Televendas,V07,11588.89,7,0.0014521179,Baixo,,,,,
C01175,Cliente Fictício 01175,Padaria,Marechal Cândido Rondon,Vendedor externo,V02,16601.26,11,0.0014491479,Baixo,,,,,
C00217,Cliente Fictício 00217,Supermercado,Toledo,Vendedor externo,V04,29729.69,3,0.0014462783,Baixo,,,,,
C01278,Cliente Fictício 01278,Supermercado,Cascavel,Televendas,V07,60692.22,1,0.0014447372,Baixo,,,,,
C01706,Cliente Fictício 01706,Hotel,Marechal Cândido Rondon,Vendedor externo,V07,5824.09,2,0.0014443583,Baixo,,,,,
C00674,Cliente Fictício 00674,Restaurante,Palotina,Vendedor externo,V03,48842.56,8,0.0014329568,Baixo,,,,,
C01662,Cliente Fictício 01662,Restaurante,Cascavel,E-commerce B2B,V02,14103.720000000001,1,0.0014319405,Baixo,,,,,
C01825,Cliente Fictício 01825,Restaurante,Cascavel,Televendas,V03,10154.33,9,0.0014301566,Baixo,,,,,
C00609,Cliente Fictício 00609,Restaurante,Cascavel,Vendedor externo,V01,48198.6,3,0.0014196505,Baixo,,,,,
C01475,Cliente Fictício 01475,Padaria,Cascavel,Vendedor externo,V03,38936.5,4,0.0014181931,Baixo,,,,,
C01768,Cliente Fictício 01768,Supermercado,Marechal Cândido Rondon,Vendedor externo,V03,156714.25,3,0.0014109933,Baixo,,,,,
C01272,Cliente Fictício 01272,Mercearia,Palotina,Vendedor externo,V04,9763.42,1,0.0013928601,Baixo,,,,,
C00172,Cliente Fictício 00172,Padaria,Toledo,Televendas,V04,17173.23,12,0.0013886192,Baixo,,,,,
C01831,Cliente Fictício 01831,Padaria,Cascavel,Vendedor externo,V03,6512.92,2,0.001383873,Baixo,,,,,
C01756,Cliente Fictício 01756,Padaria,Cascavel,Vendedor externo,V07,28112.14,2,0.0013807083,Baixo,,,,,
C02140,Cliente Fictício 02140,Lanchonete,Cascavel,Vendedor externo,V07,7614.72,6,0.001359281,Baixo,,,,,
C02329,Cliente Fictício 02329,Padaria,Marechal Cândido Rondon,Vendedor externo,V07,17457.07,4,0.0013462296,Baixo,,,,,
C01615,Cliente Fictício 01615,Lanchonete,Marechal Cândido Rondon,E-commerce B2B,V04,23418.3,7,0.001337129,Baixo,,,,,
C00953,Cliente Fictício 00953,Mercearia,Cascavel,Vendedor externo,V07,33025.97,3,0.0013272687,Baixo,,,,,
C02278,Cliente Fictício 02278,Mercearia,Cascavel,Televendas,V05,23817.45,1,0.0013153151,Baixo,,,,,
C02372,Cliente Fictício 02372,Mercearia,Cascavel,Televendas,V02,41761.82,4,0.0013144404,Baixo,,,,,
C02005,Cliente Fictício 02005,Supermercado,Cascavel,E-commerce B2B,V07,157626.8,1,0.0013111838,Baixo,,,,,
C00170,Cliente Fictício 00170,Hotel,Toledo,Vendedor externo,V05,14750.98,8,0.0012931944,Baixo,,,,,
C01370,Cliente Fictício 01370,Mercearia,Toledo,Televendas,V04,7429.03,5,0.0012889084,Baixo,,,,,
C01240,Cliente Fictício 01240,Supermercado,Toledo,Televendas,V06,43781.07,9,0.001283083,Baixo,,,,,
C00454,Cliente Fictício 00454,Supermercado,Palotina,Vendedor externo,V01,70984.98,7,0.0012812237,Baixo,,,,,
C00581,Cliente Fictício 00581,Padaria,Cascavel,Televendas,V03,25560.9,9,0.0012767622,Baixo,,,,,
C01728,Cliente Fictício 01728,Lanchonete,Cascavel,Vendedor externo,V03,16655.1,6,0.0012715298,Baixo,,,,,
C01206,Cliente Fictício 01206,Supermercado,Cascavel,Televendas,V06,57937.33,3,0.0012583385,Baixo,,,,,
C00252,Cliente Fictício 00252,Lanchonete,Marechal Cândido Rondon,Vendedor externo,V01,2747.04,14,0.0012558965,Baixo,,,,,
C01851,Cliente Fictício 01851,Mercearia,Cascavel,E-commerce B2B,V03,16392.31,9,0.0012555711,Baixo,,,,,
C01696,Cliente Fictício 01696,Padaria,Toledo,Vendedor externo,V02,21869.010000000002,2,0.0012500332,Baixo,,,,,
C01326,Cliente Fictício 01326,Lanchonete,Toledo,Vendedor externo,V02,12353.91,1,0.0012302329,Baixo,,,,,
C00432,Cliente Fictício 00432,Restaurante,Cascavel,Vendedor externo,V01,28882.34,1,0.0012203965,Baixo,,,,,
C02206,Cliente Fictício 02206,Padaria,Cascavel,Vendedor externo,V03,14551.66,2,0.0012170115,Baixo,,,,,
C00130,Cliente Fictício 00130,Padaria,Cascavel,E-commerce B2B,V03,8833.06,6,0.0012098133,Baixo,,,,,
C01122,Cliente Fictício 01122,Supermercado,Cascavel,Vendedor externo,V06,51864.29,8,0.0012092723,Baixo,,,,,
C00403,Cliente Fictício 00403,Restaurante,Cascavel,Vendedor externo,V01,5400.49,22,0.00120401,Baixo,,,,,
C00087,Cliente Fictício 00087,Restaurante,Cascavel,Televendas,V03,30809.35,7,0.0012038242,Baixo,,,,,
C02402,Cliente Fictício 02402,Restaurante,Cascavel,Vendedor externo,V03,34274.5,6,0.0011899258,Baixo,,,,,
C00669,Cliente Fictício 00669,Mercearia,Cascavel,Televendas,V03,14899.64,8,0.0011816887,Baixo,,,,,
C00789,Cliente Fictício 00789,Restaurante,Cascavel,Televendas,V08,45190.26,16,0.0011808679,Baixo,,,,,
C01291,Cliente Fictício 01291,Padaria,Cascavel,Televendas,V06,30096.69,5,0.0011754591,Baixo,,,,,
C01093,Cliente Fictício 01093,Mercearia,Marechal Cândido Rondon,Televendas,V06,27985.66,14,0.0011727723,Baixo,,,,,
C00412,Cliente Fictício 00412,Restaurante,Cascavel,Televendas,V05,40280.75,4,0.0011601069,Baixo,,,,,
C01371,Cliente Fictício 01371,Supermercado,Cascavel,E-commerce B2B,V01,82921.0,15,0.0011589365,Baixo,,,,,
C02277,Cliente Fictício 02277,Padaria,Toledo,Vendedor externo,V01,15279.9,2,0.0011555166,Baixo,,,,,
C01927,Cliente Fictício 01927,Mercearia,Cascavel,Vendedor externo,V03,10465.95,5,0.0011423277,Baixo,,,,,
C01390,Cliente Fictício 01390,Supermercado,Cascavel,Vendedor externo,V08,83755.07,1,0.0011420948,Baixo,,,,,
C00840,Cliente Fictício 00840,Padaria,Toledo,Vendedor externo,V04,23278.46,1,0.001140073,Baixo,,,,,
C01187,Cliente Fictício 01187,Mercearia,Cascavel,Televendas,V07,5991.29,2,0.0011315699,Baixo,,,,,
C00679,Cliente Fictício 00679,Supermercado,Cascavel,Televendas,V03,84169.84,2,0.0011230407,Baixo,,,,,
C01198,Cliente Fictício 01198,Restaurante,Cascavel,Vendedor externo,V04,21028.059999999998,10,0.0011097926,Baixo,,,,,
C01465,Cliente Fictício 01465,Restaurante,Cascavel,Televendas,V05,51015.12,10,0.0010989273,Baixo,,,,,
C01869,Cliente Fictício 01869,Padaria,Cascavel,Televendas,V07,18649.05,3,0.0010977283,Baixo,,,,,
C02026,Cliente Fictício 02026,Mercearia,Toledo,Vendedor externo,V05,37122.25,15,0.0010967291,Baixo,,,,,
C00419,Cliente Fictício 00419,Mercearia,Cascavel,Vendedor externo,V03,26167.58,4,0.0010865337,Baixo,,,,,
C01887,Cliente Fictício 01887,Supermercado,Cascavel,Vendedor externo,V04,58256.87,3,0.0010756191,Baixo,,,,,
C00932,Cliente Fictício 00932,Mercearia,Toledo,Vendedor externo,V07,15002.7,3,0.0010747613,Baixo,,,,,
C00294,Cliente Fictício 00294,Supermercado,Palotina,Televendas,V01,16516.16,5,0.0010741957,Baixo,,,,,
C01209,Cliente Fictício 01209,Mercearia,Toledo,Vendedor externo,V02,5711.71,8,0.0010632151,Baixo,,,,,
C01049,Cliente Fictício 01049,Lanchonete,Cascavel,Vendedor externo,V04,4971.5599999999995,6,0.0010580634,Baixo,,,,,
C01387,Cliente Fictício 01387,Restaurante,Palotina,Vendedor externo,V06,39274.36,2,0.0010493242,Baixo,,,,,
C01668,Cliente Fictício 01668,Mercearia,Toledo,Vendedor externo,V05,40703.3,2,0.0010472728,Baixo,,,,,
C01952,Cliente Fictício 01952,Supermercado,Palotina,E-commerce B2B,V02,38749.950000000004,1,0.0010451608,Baixo,,,,,
C01603,Cliente Fictício 01603,Restaurante,Toledo,Vendedor externo,V02,27037.7,2,0.0010430297,Baixo,,,,,
C01350,Cliente Fictício 01350,Supermercado,Cascavel,Televendas,V01,16787.81,6,0.0010414236,Baixo,,,,,
C01876,Cliente Fictício 01876,Restaurante,Cascavel,Vendedor externo,V07,6278.84,9,0.0010391868,Baixo,,,,,
C01983,Cliente Fictício 01983,Lanchonete,Marechal Cândido Rondon,Vendedor externo,V05,1672.42,14,0.0010376688,Baixo,,,,,
C02137,Cliente Fictício 02137,Mercearia,Cascavel,Vendedor externo,V07,22407.22,2,0.0010320231,Baixo,,,,,
C01590,Cliente Fictício 01590,Supermercado,Cascavel,Vendedor externo,V06,67351.01000000001,4,0.0010303761,Baixo,,,,,
C01486,Cliente Fictício 01486,Supermercado,Cascavel,E-commerce B2B,V08,37140.65,11,0.0010165287,Baixo,,,,,
C01212,Cliente Fictício 01212,Lanchonete,Marechal Cândido Rondon,Televendas,V01,3807.12,3,0.0010027426,Baixo,,,,,
C01487,Cliente Fictício 01487,Hotel,Cascavel,Vendedor externo,V03,5406.07,3,0.001000984,Baixo,,,,,
C01758,Cliente Fictício 01758,Hotel,Toledo,E-commerce B2B,V04,5038.35,8,0.0009980629,Baixo,,,,,
C00487,Cliente Fictício 00487,Padaria,Cascavel,E-commerce B2B,V06,36864.78,4,0.0009973819,Baixo,,,,,
C01056,Cliente Fictício 01056,Restaurante,Marechal Cândido Rondon,Vendedor externo,V06,13604.84,16,0.00099481,Baixo,,,,,
C02188,Cliente Fictício 02188,Padaria,Toledo,Vendedor externo,V04,27796.9,15,0.0009943637,Baixo,,,,,
C00533,Cliente Fictício 00533,Mercearia,Cascavel,Vendedor externo,V07,25720.329999999998,9,0.000993166,Baixo,,,,,
C01994,Cliente Fictício 01994,Supermercado,Cascavel,Vendedor externo,V02,42331.7,16,0.0009866618,Baixo,,,,,
C00267,Cliente Fictício 00267,Mercearia,Toledo,Vendedor externo,V06,11418.12,2,0.0009809143,Baixo,,,,,
C02059,Cliente Fictício 02059,Supermercado,Cascavel,Televendas,V06,13714.34,8,0.0009759231,Baixo,,,,,
C00834,Cliente Fictício 00834,Restaurante,Cascavel,Televendas,V08,34317.54,2,0.0009746918,Baixo,,,,,
C00511,Cliente Fictício 00511,Supermercado,Cascavel,Vendedor externo,V01,39966.76,3,0.000973745,Baixo,,,,,
C02381,Cliente Fictício 02381,Lanchonete,Cascavel,Vendedor externo,V07,16992.04,1,0.0009667603,Baixo,,,,,
C01416,Cliente Fictício 01416,Restaurante,Cascavel,Vendedor externo,V03,17165.91,9,0.00096231984,Baixo,,,,,
C01837,Cliente Fictício 01837,Supermercado,Cascavel,Vendedor externo,V02,90798.79000000001,1,0.0009554842,Baixo,,,,,
C01686,Cliente Fictício 01686,Mercearia,Marechal Cândido Rondon,Vendedor externo,V06,5421.25,4,0.00094359857,Baixo,,,,,
C00064,Cliente Fictício 00064,Restaurante,Toledo,Vendedor externo,V01,39169.56,4,0.0009434547,Baixo,,,,,
C02458,Cliente Fictício 02458,Supermercado,Cascavel,Televendas,V02,157621.84,1,0.00093677983,Baixo,,,,,
C01874,Cliente Fictício 01874,Hotel,Cascavel,Vendedor externo,V04,7458.8,10,0.0009263552,Baixo,,,,,
C01575,Cliente Fictício 01575,Supermercado,Cascavel,Vendedor externo,V04,27848.47,2,0.0009229652,Baixo,,,,,
C00362,Cliente Fictício 00362,Supermercado,Toledo,Vendedor externo,V08,44258.62,7,0.00092080527,Baixo,,,,,
C00449,Cliente Fictício 00449,Supermercado,Palotina,Vendedor externo,V07,28289.989999999998,3,0.000919065,Baixo,,,,,
C00423,Cliente Fictício 00423,Supermercado,Cascavel,Televendas,V03,37378.27,26,0.00091059424,Baixo,,,,,
C00106,Cliente Fictício 00106,Restaurante,Cascavel,Vendedor externo,V03,20596.66,7,0.00090273476,Baixo,,,,,
C02069,Cliente Fictício 02069,Mercearia,Toledo,Vendedor externo,V01,12394.91,20,0.00089415075,Baixo,,,,,
C00224,Cliente Fictício 00224,Hotel,Toledo,Vendedor externo,V06,49789.63,2,0.0008907672,Baixo,,,,,
C00013,Cliente Fictício 00013,Restaurante,Cascavel,Vendedor externo,V03,44409.42,3,0.00088891253,Baixo,,,,,
C00334,Cliente Fictício 00334,Lanchonete,Medianeira,Vendedor externo,V07,19366.8,12,0.00087999855,Baixo,,,,,
C00747,Cliente Fictício 00747,Mercearia,Cascavel,Vendedor externo,V07,12541.92,17,0.0008764647,Baixo,,,,,
C00316,Cliente Fictício 00316,Mercearia,Toledo,Vendedor externo,V07,17124.2,4,0.00087105227,Baixo,,,,,
C02147,Cliente Fictício 02147,Supermercado,Palotina,Vendedor externo,V05,24733.260000000002,2,0.0008579861,Baixo,,,,,
C01961,Cliente Fictício 01961,Padaria,Toledo,Vendedor externo,V01,31930.85,1,0.0008331572,Baixo,,,,,
C01836,Cliente Fictício 01836,Supermercado,Cascavel,Vendedor externo,V07,57762.78,1,0.00082698266,Baixo,,,,,
C00429,Cliente Fictício 00429,Supermercado,Cascavel,E-commerce B2B,V02,33511.2,1,0.0008212939,Baixo,,,,,
C02163,Cliente Fictício 02163,Mercearia,Toledo,Televendas,V01,34777.77,7,0.0008113234,Baixo,,,,,
C00242,Cliente Fictício 00242,Restaurante,Medianeira,Vendedor externo,V03,55567.06,1,0.0008094519,Baixo,,,,,
C00943,Cliente Fictício 00943,Supermercado,Cascavel,Vendedor externo,V02,115835.23,1,0.00080127886,Baixo,,,,,
C01123,Cliente Fictício 01123,Lanchonete,Toledo,Televendas,V02,2038.08,6,0.0007955241,Baixo,,,,,
C02300,Cliente Fictício 02300,Restaurante,Marechal Cândido Rondon,Televendas,V06,80618.1,4,0.0007892009,Baixo,,,,,
C02442,Cliente Fictício 02442,Supermercado,Cascavel,Televendas,V07,45140.44,1,0.0007805593,Baixo,,,,,
C02068,Cliente Fictício 02068,Hotel,Cascavel,E-commerce B2B,V08,63709.43,2,0.0007794768,Baixo,,,,,
C00456,Cliente Fictício 00456,Mercearia,Cascavel,Vendedor externo,V03,20739.43,11,0.0007773608,Baixo,,,,,
C01886,Cliente Fictício 01886,Mercearia,Palotina,E-commerce B2B,V03,31720.05,3,0.00076540135,Baixo,,,,,
C01908,Cliente Fictício 01908,Supermercado,Cascavel,Televendas,V08,29651.93,3,0.00076536415,Baixo,,,,,
C00153,Cliente Fictício 00153,Supermercado,Marechal Cândido Rondon,Vendedor externo,V05,53737.23,2,0.00076104875,Baixo,,,,,
C00587,Cliente Fictício 00587,Supermercado,Cascavel,Televendas,V07,25059.2,15,0.0007477771,Baixo,,,,,
C01522,Cliente Fictício 01522,Padaria,Cascavel,Vendedor externo,V03,25557.09,8,0.0007460525,Baixo,,,,,
C02445,Cliente Fictício 02445,Padaria,Toledo,Vendedor externo,V07,14546.62,3,0.0007432749,Baixo,,,,,
C00500,Cliente Fictício 00500,Padaria,Cascavel,Vendedor externo,V07,39196.32,1,0.00073631096,Baixo,,,,,
C00359,Cliente Fictício 00359,Padaria,Marechal Cândido Rondon,Vendedor externo,V05,10853.43,3,0.0007361721,Baixo,,,,,
C00205,Cliente Fictício 00205,Supermercado,Foz do Iguaçu,Vendedor externo,V01,17983.32,10,0.00072268344,Baixo,,,,,
C02036,Cliente Fictício 02036,Restaurante,Cascavel,Televendas,V02,34741.73,7,0.00072086276,Baixo,,,,,
C00619,Cliente Fictício 00619,Supermercado,Cascavel,Televendas,V08,111087.29000000001,3,0.00071938214,Baixo,,,,,
C01379,Cliente Fictício 01379,Restaurante,Cascavel,Vendedor externo,V04,15331.74,1,0.0007163112,Baixo,,,,,
C01940,Cliente Fictício 01940,Supermercado,Cascavel,Vendedor externo,V03,42616.88,9,0.0007096914,Baixo,,,,,
C01760,Cliente Fictício 01760,Hotel,Cascavel,Vendedor externo,V04,28700.28,9,0.0007087995,Baixo,,,,,
C01585,Cliente Fictício 01585,Padaria,Toledo,Vendedor externo,V01,17173.63,5,0.000707066,Baixo,,,,,
C00624,Cliente Fictício 00624,Padaria,Toledo,Televendas,V05,73679.88,9,0.0007042324,Baixo,,,,,
C00364,Cliente Fictício 00364,Supermercado,Cascavel,E-commerce B2B,V06,26440.36,4,0.00070419523,Baixo,,,,,
C02305,Cliente Fictício 02305,Padaria,Marechal Cândido Rondon,Vendedor externo,V07,9888.46,10,0.00070206233,Baixo,,,,,
C02392,Cliente Fictício 02392,Restaurante,Cascavel,Vendedor externo,V04,36288.68,2,0.0007008293,Baixo,,,,,
C01721,Cliente Fictício 01721,Supermercado,Cascavel,Vendedor externo,V07,66378.07,13,0.0006930081,Baixo,,,,,
C01712,Cliente Fictício 01712,Mercearia,Cascavel,E-commerce B2B,V07,24712.44,13,0.0006880954,Baixo,,,,,
C00386,Cliente Fictício 00386,Hotel,Cascavel,Televendas,V04,19347.420000000002,1,0.0006822896,Baixo,,,,,
C01054,Cliente Fictício 01054,Supermercado,Toledo,Vendedor externo,V04,40429.44,20,0.0006821826,Baixo,,,,,
C01364,Cliente Fictício 01364,Supermercado,Cascavel,Vendedor externo,V07,28977.15,2,0.0006782421,Baixo,,,,,
C01910,Cliente Fictício 01910,Lanchonete,Cascavel,Vendedor externo,V02,4683.82,3,0.00066599966,Baixo,,,,,
C01151,Cliente Fictício 01151,Supermercado,Cascavel,Televendas,V01,72767.56,2,0.0006633682,Baixo,,,,,
C00260,Cliente Fictício 00260,Padaria,Toledo,Vendedor externo,V07,27631.14,1,0.00065941317,Baixo,,,,,
C01318,Cliente Fictício 01318,Supermercado,Cascavel,Televendas,V02,42906.14,10,0.00065735943,Baixo,,,,,
C00023,Cliente Fictício 00023,Hotel,Cascavel,E-commerce B2B,V06,15205.48,8,0.0006547356,Baixo,,,,,
C02424,Cliente Fictício 02424,Supermercado,Medianeira,Vendedor externo,V02,47459.68,2,0.0006541437,Baixo,,,,,
C00223,Cliente Fictício 00223,Restaurante,Cascavel,Vendedor externo,V01,108553.85,2,0.0006286588,Baixo,,,,,
C00954,Cliente Fictício 00954,Supermercado,Cascavel,Vendedor externo,V07,24491.85,2,0.0006271914,Baixo,,,,,
C02062,Cliente Fictício 02062,Mercearia,Cascavel,Vendedor externo,V06,55646.45,4,0.0006236103,Baixo,,,,,
C01195,Cliente Fictício 01195,Lanchonete,Marechal Cândido Rondon,Vendedor externo,V07,3573.67,6,0.0006209651,Baixo,,,,,
C02233,Cliente Fictício 02233,Supermercado,Cascavel,Vendedor externo,V07,9429.89,10,0.0006100976,Baixo,,,,,
C00048,Cliente Fictício 00048,Mercearia,Cascavel,Televendas,V02,44194.89,10,0.00060147553,Baixo,,,,,
C00523,Cliente Fictício 00523,Supermercado,Toledo,Vendedor externo,V06,103644.43,3,0.0006010105,Baixo,,,,,
C02302,Cliente Fictício 02302,Restaurante,Cascavel,Televendas,V03,41573.47,9,0.0005955682,Baixo,,,,,
C02253,Cliente Fictício 02253,Mercearia,Cascavel,E-commerce B2B,V07,20707.87,1,0.00058513106,Baixo,,,,,
C00769,Cliente Fictício 00769,Supermercado,Palotina,Vendedor externo,V01,32332.239999999998,5,0.0005826037,Baixo,,,,,
C01186,Cliente Fictício 01186,Lanchonete,Cascavel,Televendas,V03,10320.869999999999,7,0.00058176165,Baixo,,,,,
C01911,Cliente Fictício 01911,Supermercado,Cascavel,Televendas,V05,67801.86,4,0.0005614584,Baixo,,,,,
C01784,Cliente Fictício 01784,Supermercado,Cascavel,Vendedor externo,V04,71637.95,1,0.00056134094,Baixo,,,,,
C02455,Cliente Fictício 02455,Padaria,Cascavel,E-commerce B2B,V06,33866.3,2,0.0005592934,Baixo,,,,,
C00981,Cliente Fictício 00981,Hotel,Toledo,Vendedor externo,V02,6104.51,6,0.00055741286,Baixo,,,,,
C01912,Cliente Fictício 01912,Supermercado,Cascavel,Televendas,V01,43486.24,3,0.00055527507,Baixo,,,,,
C02367,Cliente Fictício 02367,Mercearia,Cascavel,Vendedor externo,V03,4787.97,8,0.00055189786,Baixo,,,,,
C01739,Cliente Fictício 01739,Padaria,Toledo,Televendas,V03,48923.18,5,0.00054949225,Baixo,,,,,
C01500,Cliente Fictício 01500,Restaurante,Cascavel,Televendas,V01,31999.33,4,0.00054789457,Baixo,,,,,
C00703,Cliente Fictício 00703,Supermercado,Palotina,Vendedor externo,V06,30134.16,4,0.00054660824,Baixo,,,,,
C00051,Cliente Fictício 00051,Mercearia,Toledo,Vendedor externo,V01,19930.61,1,0.0005439169,Baixo,,,,,
C00136,Cliente Fictício 00136,Supermercado,Toledo,Vendedor externo,V06,82642.04000000001,2,0.0005436437,Baixo,,,,,
C00068,Cliente Fictício 00068,Mercearia,Cascavel,Vendedor externo,V01,53077.32,5,0.0005419124,Baixo,,,,,
C00498,Cliente Fictício 00498,Padaria,Cascavel,Vendedor externo,V03,24504.46,1,0.0005314433,Baixo,,,,,
C01019,Cliente Fictício 01019,Supermercado,Toledo,Televendas,V02,135569.36,1,0.00053144305,Baixo,,,,,
C01069,Cliente Fictício 01069,Supermercado,Medianeira,Vendedor externo,V04,32035.52,1,0.00053041446,Baixo,,,,,
C02257,Cliente Fictício 02257,Lanchonete,Toledo,Vendedor externo,V03,25875.47,9,0.0005302267,Baixo,,,,,
C01042,Cliente Fictício 01042,Restaurante,Toledo,Vendedor externo,V02,29753.309999999998,2,0.00052881293,Baixo,,,,,
C01333,Cliente Fictício 01333,Padaria,Toledo,Vendedor externo,V07,26277.87,3,0.0005272995,Baixo,,,,,
C02394,Cliente Fictício 02394,Supermercado,Cascavel,Televendas,V02,22556.91,6,0.00052603765,Baixo,,,,,
C02477,Cliente Fictício 02477,Supermercado,Toledo,Vendedor externo,V01,40218.58,2,0.00052500254,Baixo,,,,,
C01193,Cliente Fictício 01193,Lanchonete,Cascavel,Vendedor externo,V04,4592.51,3,0.00052385184,Baixo,,,,,
C00718,Cliente Fictício 00718,Supermercado,Cascavel,E-commerce B2B,V07,37846.659999999996,3,0.0005161525,Baixo,,,,,
C01915,Cliente Fictício 01915,Supermercado,Cascavel,Televendas,V03,93064.26,2,0.00051196746,Baixo,,,,,
C01525,Cliente Fictício 01525,Restaurante,Marechal Cândido Rondon,Vendedor externo,V07,12154.49,11,0.0005081502,Baixo,,,,,
C00795,Cliente Fictício 00795,Supermercado,Toledo,Televendas,V02,15077.49,4,0.0005017445,Baixo,,,,,
C00972,Cliente Fictício 00972,Supermercado,Toledo,Vendedor externo,V02,14638.1,33,0.0004989112,Baixo,,,,,
C01298,Cliente Fictício 01298,Supermercado,Marechal Cândido Rondon,Televendas,V07,19943.39,6,0.0004938452,Baixo,,,,,
C00281,Cliente Fictício 00281,Supermercado,Cascavel,E-commerce B2B,V01,41557.26,9,0.0004898436,Baixo,,,,,
C00519,Cliente Fictício 00519,Supermercado,Cascavel,Vendedor externo,V04,24171.35,6,0.0004835192,Baixo,,,,,
C02008,Cliente Fictício 02008,Supermercado,Cascavel,Vendedor externo,V05,47946.73,5,0.00047268884,Baixo,,,,,
C00375,Cliente Fictício 00375,Supermercado,Cascavel,Televendas,V03,31784.66,8,0.00046436177,Baixo,,,,,
C02186,Cliente Fictício 02186,Supermercado,Cascavel,Vendedor externo,V07,27213.89,3,0.00046371992,Baixo,,,,,
C01671,Cliente Fictício 01671,Mercearia,Palotina,Vendedor externo,V03,26666.13,8,0.00046282655,Baixo,,,,,
C00129,Cliente Fictício 00129,Supermercado,Cascavel,E-commerce B2B,V01,109161.97,3,0.00046204694,Baixo,,,,,
C01181,Cliente Fictício 01181,Restaurante,Marechal Cândido Rondon,Vendedor externo,V02,8838.23,17,0.0004588637,Baixo,,,,,
C02238,Cliente Fictício 02238,Mercearia,Cascavel,Televendas,V02,35997.54,1,0.00045678508,Baixo,,,,,
C00938,Cliente Fictício 00938,Supermercado,Cascavel,Vendedor externo,V01,24077.05,1,0.0004441318,Baixo,,,,,
C00744,Cliente Fictício 00744,Supermercado,Cascavel,E-commerce B2B,V01,36051.85,8,0.00044005743,Baixo,,,,,
C01368,Cliente Fictício 01368,Supermercado,Cascavel,Vendedor externo,V01,54480.840000000004,7,0.00043606496,Baixo,,,,,
C01072,Cliente Fictício 01072,Padaria,Cascavel,Vendedor externo,V07,74443.49,6,0.0004332466,Baixo,,,,,
C01685,Cliente Fictício 01685,Supermercado,Palotina,Vendedor externo,V03,16599.76,1,0.00042868467,Baixo,,,,,
C01608,Cliente Fictício 01608,Mercearia,Marechal Cândido Rondon,Vendedor externo,V04,7742.92,3,0.0004283191,Baixo,,,,,
C01089,Cliente Fictício 01089,Padaria,Marechal Cândido Rondon,Vendedor externo,V04,4788.16,8,0.00042648075,Baixo,,,,,
C01026,Cliente Fictício 01026,Mercearia,Toledo,E-commerce B2B,V06,8123.360000000001,6,0.00042631308,Baixo,,,,,
C00157,Cliente Fictício 00157,Mercearia,Toledo,Vendedor externo,V06,19421.6,3,0.00042550737,Baixo,,,,,
C00713,Cliente Fictício 00713,Lanchonete,Marechal Cândido Rondon,E-commerce B2B,V03,7309.03,1,0.0004243869,Baixo,,,,,
C02351,Cliente Fictício 02351,Supermercado,Cascavel,Vendedor externo,V04,66668.15,2,0.00042352726,Baixo,,,,,
C02023,Cliente Fictício 02023,Supermercado,Marechal Cândido Rondon,Vendedor externo,V03,206106.87,6,0.0004218969,Baixo,,,,,
C02498,Cliente Fictício 02498,Mercearia,Toledo,Vendedor externo,V07,7563.01,6,0.00041750673,Baixo,,,,,
C00527,Cliente Fictício 00527,Hotel,Cascavel,Vendedor externo,V06,14929.9,1,0.00041718848,Baixo,,,,,
C00148,Cliente Fictício 00148,Padaria,Marechal Cândido Rondon,Vendedor externo,V03,18538.78,7,0.00040506184,Baixo,,,,,
C02353,Cliente Fictício 02353,Mercearia,Marechal Cândido Rondon,E-commerce B2B,V01,19610.3,2,0.000404532,Baixo,,,,,
C01134,Cliente Fictício 01134,Restaurante,Toledo,Vendedor externo,V02,27976.690000000002,6,0.00040026466,Baixo,,,,,
C01429,Cliente Fictício 01429,Restaurante,Cascavel,Vendedor externo,V02,8349.87,7,0.0003954112,Baixo,,,,,
C02384,Cliente Fictício 02384,Supermercado,Cascavel,Vendedor externo,V03,77054.39,4,0.00039282854,Baixo,,,,,
C02210,Cliente Fictício 02210,Supermercado,Cascavel,Televendas,V06,85079.49,1,0.00039225564,Baixo,,,,,
C00767,Cliente Fictício 00767,Mercearia,Cascavel,Vendedor externo,V06,20504.4,1,0.00038781334,Baixo,,,,,
C01010,Cliente Fictício 01010,Padaria,Cascavel,E-commerce B2B,V07,42712.770000000004,1,0.00038578713,Baixo,,,,,
C01267,Cliente Fictício 01267,Supermercado,Toledo,Vendedor externo,V02,34132.06,11,0.00038336104,Baixo,,,,,
C01726,Cliente Fictício 01726,Supermercado,Medianeira,Vendedor externo,V04,26943.21,3,0.00038252815,Baixo,,,,,
C01749,Cliente Fictício 01749,Padaria,Cascavel,Vendedor externo,V03,47275.51,4,0.00037842753,Baixo,,,,,
C01434,Cliente Fictício 01434,Supermercado,Cascavel,E-commerce B2B,V07,31437.239999999998,2,0.00037355997,Baixo,,,,,
C01841,Cliente Fictício 01841,Supermercado,Cascavel,Televendas,V02,17051.510000000002,7,0.00037142436,Baixo,,,,,
C02379,Cliente Fictício 02379,Supermercado,Toledo,Vendedor externo,V01,103449.04,1,0.00037059074,Baixo,,,,,
C01733,Cliente Fictício 01733,Restaurante,Marechal Cândido Rondon,E-commerce B2B,V07,17694.83,7,0.00037015625,Baixo,,,,,
C01227,Cliente Fictício 01227,Padaria,Palotina,Vendedor externo,V02,23711.64,2,0.00036753522,Baixo,,,,,
C01964,Cliente Fictício 01964,Supermercado,Palotina,Vendedor externo,V02,121243.11,6,0.0003546344,Baixo,,,,,
C00376,Cliente Fictício 00376,Supermercado,Cascavel,Televendas,V06,16411.88,11,0.00035291552,Baixo,,,,,
C00251,Cliente Fictício 00251,Restaurante,Cascavel,Vendedor externo,V03,7111.6,10,0.00034421828,Baixo,,,,,
C02108,Cliente Fictício 02108,Hotel,Cascavel,Televendas,V06,41528.91,6,0.00033997526,Baixo,,,,,
C01884,Cliente Fictício 01884,Restaurante,Toledo,Televendas,V03,26464.54,3,0.00032935548,Baixo,,,,,
C01610,Cliente Fictício 01610,Padaria,Toledo,Vendedor externo,V07,25459.56,6,0.00032784423,Baixo,,,,,
C02102,Cliente Fictício 02102,Supermercado,Palotina,Vendedor externo,V05,106086.26,1,0.00032485524,Baixo,,,,,
C02004,Cliente Fictício 02004,Restaurante,Toledo,Vendedor externo,V07,10986.880000000001,4,0.000324749,Baixo,,,,,
C01052,Cliente Fictício 01052,Supermercado,Toledo,Vendedor externo,V04,59058.41,1,0.0003211483,Baixo,,,,,
C01433,Cliente Fictício 01433,Supermercado,Toledo,Vendedor externo,V06,101408.05,4,0.00031633768,Baixo,,,,,
C00160,Cliente Fictício 00160,Restaurante,Cascavel,Vendedor externo,V03,16952.68,2,0.0003125008,Baixo,,,,,
C00764,Cliente Fictício 00764,Supermercado,Toledo,E-commerce B2B,V01,10644.51,6,0.00031064812,Baixo,,,,,
C01966,Cliente Fictício 01966,Supermercado,Cascavel,Televendas,V07,19567.8,1,0.00030414812,Baixo,,,,,
C01033,Cliente Fictício 01033,Padaria,Toledo,Vendedor externo,V05,50012.72,2,0.00030185762,Baixo,,,,,
C00086,Cliente Fictício 00086,Supermercado,Toledo,Vendedor externo,V06,9767.02,1,0.00030083655,Baixo,,,,,
C02288,Cliente Fictício 02288,Restaurante,Marechal Cândido Rondon,Vendedor externo,V03,4047.66,11,0.00029070885,Baixo,,,,,
C00123,Cliente Fictício 00123,Supermercado,Cascavel,Vendedor externo,V01,29895.79,9,0.00027216916,Baixo,,,,,
C00589,Cliente Fictício 00589,Mercearia,Toledo,Vendedor externo,V07,27642.13,5,0.00026944396,Baixo,,,,,
C01757,Cliente Fictício 01757,Supermercado,Cascavel,Televendas,V04,57283.35,3,0.00026918435,Baixo,,,,,
C01036,Cliente Fictício 01036,Restaurante,Marechal Cândido Rondon,E-commerce B2B,V06,20460.31,13,0.00025577855,Baixo,,,,,
C02360,Cliente Fictício 02360,Supermercado,Cascavel,Televendas,V06,36538.93,4,0.00025468157,Baixo,,,,,
C00817,Cliente Fictício 00817,Lanchonete,Marechal Cândido Rondon,Vendedor externo,V01,9129.1,6,0.00025435688,Baixo,,,,,
C02362,Cliente Fictício 02362,Supermercado,Medianeira,Televendas,V02,36942.64,1,0.00024805148,Baixo,,,,,
C01165,Cliente Fictício 01165,Supermercado,Cascavel,E-commerce B2B,V03,59552.28,3,0.00024551037,Baixo,,,,,
C01598,Cliente Fictício 01598,Supermercado,Foz do Iguaçu,Vendedor externo,V01,126278.47,5,0.00024226334,Baixo,,,,,
C00522,Cliente Fictício 00522,Mercearia,Marechal Cândido Rondon,Vendedor externo,V03,7770.91,8,0.00023175403,Baixo,,,,,
C01669,Cliente Fictício 01669,Supermercado,Toledo,Vendedor externo,V02,73348.35,3,0.00022134017,Baixo,,,,,
C02319,Cliente Fictício 02319,Padaria,Toledo,Vendedor externo,V07,17454.69,1,0.00021544143,Baixo,,,,,
C01311,Cliente Fictício 01311,Mercearia,Foz do Iguaçu,Vendedor externo,V03,19573.52,5,0.00021471712,Baixo,,,,,
C01183,Cliente Fictício 01183,Supermercado,Toledo,Televendas,V06,48267.62,1,0.0002137856,Baixo,,,,,
C02228,Cliente Fictício 02228,Supermercado,Cascavel,Vendedor externo,V01,39767.54,1,0.0002051653,Baixo,,,,,
C00409,Cliente Fictício 00409,Supermercado,Palotina,Vendedor externo,V01,30174.3,9,0.00020477717,Baixo,,,,,
C00628,Cliente Fictício 00628,Supermercado,Cascavel,Televendas,V03,79067.19,1,0.00020331568,Baixo,,,,,
C02349,Cliente Fictício 02349,Supermercado,Cascavel,Vendedor externo,V03,26132.81,14,0.00020247627,Baixo,,,,,
C00060,Cliente Fictício 00060,Supermercado,Cascavel,Vendedor externo,V02,120106.2,1,0.00018432157,Baixo,,,,,
C01405,Cliente Fictício 01405,Mercearia,Cascavel,Vendedor externo,V07,28375.95,9,0.00017986911,Baixo,,,,,
C00728,Cliente Fictício 00728,Supermercado,Cascavel,Vendedor externo,V04,28477.54,2,0.00017231275,Baixo,,,,,
C00799,Cliente Fictício 00799,Restaurante,Toledo,Televendas,V07,19294.44,5,0.0001701118,Baixo,,,,,
C00568,Cliente Fictício 00568,Supermercado,Cascavel,Vendedor externo,V02,28780.92,2,0.00016888368,Baixo,,,,,
C01239,Cliente Fictício 01239,Supermercado,Marechal Cândido Rondon,Televendas,V03,60554.14,3,0.00016877856,Baixo,,,,,
C00842,Cliente Fictício 00842,Restaurante,Medianeira,Vendedor externo,V06,22816.84,5,0.000167829,Baixo,,,,,
C01331,Cliente Fictício 01331,Restaurante,Toledo,Vendedor externo,V04,40736.95,3,0.00016321552,Baixo,,,,,
C01787,Cliente Fictício 01787,Mercearia,Medianeira,Vendedor externo,V01,82781.69,4,0.00016182855,Baixo,,,,,
C02115,Cliente Fictício 02115,Supermercado,Cascavel,Televendas,V07,41299.85,4,0.00014814327,Baixo,,,,,
C01271,Cliente Fictício 01271,Hotel,Palotina,Vendedor externo,V01,21423.11,9,0.00014611537,Baixo,,,,,
C00552,Cliente Fictício 00552,Supermercado,Cascavel,Vendedor externo,V04,31483.08,1,0.00014530272,Baixo,,,,,
C02252,Cliente Fictício 02252,Restaurante,Toledo,Vendedor externo,V01,11836.97,14,0.00013495955,Baixo,,,,,
C02207,Cliente Fictício 02207,Restaurante,Cascavel,Vendedor externo,V03,43966.77,6,0.00013371882,Baixo,,,,,
C01158,Cliente Fictício 01158,Supermercado,Toledo,Vendedor externo,V08,38897.39,1,0.00013222315,Baixo,,,,,
C01377,Cliente Fictício 01377,Restaurante,Cascavel,Vendedor externo,V04,7553.96,8,0.00012487108,Baixo,,,,,
C01111,Cliente Fictício 01111,Supermercado,Foz do Iguaçu,Vendedor externo,V01,87611.14,2,0.00011890085,Baixo,,,,,
C01660,Cliente Fictício 01660,Supermercado,Cascavel,Vendedor externo,V04,68148.09,1,0.00011889586,Baixo,,,,,
C02483,Cliente Fictício 02483,Supermercado,Cascavel,Televendas,V06,36474.29,2,0.00011567201,Baixo,,,,,
C01659,Cliente Fictício 01659,Mercearia,Toledo,Televendas,V07,56086.96,2,0.00011460702,Baixo,,,,,
C02376,Cliente Fictício 02376,Supermercado,Toledo,Vendedor externo,V03,103866.61,1,0.000107886684,Baixo,,,,,
C01661,Cliente Fictício 01661,Supermercado,Toledo,Vendedor externo,V03,103786.54000000001,4,0.00010442521,Baixo,,,,,
C00683,Cliente Fictício 00683,Supermercado,Toledo,Vendedor externo,V04,69045.48,1,9.159063e-05,Baixo,,,,,
C00849,Cliente Fictício 00849,Supermercado,Marechal Cândido Rondon,Vendedor externo,V01,29135.33,4,8.93145e-05,Baixo,,,,,
C02021,Cliente Fictício 02021,Restaurante,Cascavel,E-commerce B2B,V03,41616.53,15,8.6948705e-05,Baixo,,,,,
C01624,Cliente Fictício 01624,Supermercado,Toledo,Vendedor externo,V03,131107.0,3,7.045481e-05,Baixo,,,,,
C01182,Cliente Fictício 01182,Supermercado,Cascavel,Vendedor externo,V03,130289.6,2,6.2262276e-05,Baixo,,,,,
C00869,Cliente Fictício 00869,Supermercado,Cascavel,Vendedor externo,V03,60037.98,2,6.1873114e-05,Baixo,,,,,
C02184,Cliente Fictício 02184,Supermercado,Marechal Cândido Rondon,Vendedor externo,V01,29782.47,10,5.6066518e-05,Baixo,,,,,
C00992,Cliente Fictício 00992,Restaurante,Cascavel,Televendas,V03,30221.65,5,5.0064456e-05,Baixo,,,,,
C02013,Cliente Fictício 02013,Supermercado,Medianeira,Vendedor externo,V03,44089.89,14,4.0244126e-05,Baixo,,,,,
C00455,Cliente Fictício 00455,Supermercado,Toledo,E-commerce B2B,V03,96643.26,14,3.1645235e-05,Baixo,,,,,
C02390,Cliente Fictício 02390,Supermercado,Palotina,Vendedor externo,V07,46712.89,6,2.8781402e-05,Baixo,,,,,
C01781,Cliente Fictício 01781,Supermercado,Cascavel,Vendedor externo,V01,122002.53,1,2.1541407e-05,Baixo,,,,,
